regime,comparison,reference,window,corrected_rate,reference_rate,rate_ratio,rate_difference,kinetic_crossover
C_GB,corrected_vs_no_C,B0,N190_to_175,0.044616719842150904,0.042985451503228536,1.0379493126598855,0.0016312683389223676,False
C_GB,corrected_vs_no_C,B0,N175_to_160,0.03839775403959432,0.041742838349570544,0.919864473949682,-0.0033450843099762234,True
C_GB,corrected_vs_no_C,B0,N190_to_160,0.0329095099979542,0.040375975156180376,0.8150765367438245,-0.007466465158226174,False
C_GB,corrected_vs_no_C,B0,N160_to_140,0.05170861280439493,0.058391205644209666,0.8855548063087919,-0.00668259283981474,False
C_GB,corrected_vs_no_C,B0,N140_to_120,0.04111567711298303,0.05888620859858689,0.6982225225817934,-0.017770531485603862,False
C_GB,corrected_vs_no_C,B0,N120_to_100,0.029208934987947834,0.03702449577929127,0.7889083800645605,-0.007815560791343434,False
C_GB,corrected_vs_no_C,B0,N100_to_80,0.024272331544528576,0.026904868798522264,0.9021538713417447,-0.002632537253993688,False
C_GB,corrected_vs_no_C,B0,N80_to_70,0.014978493194309926,0.046842880935946934,0.3197602900383423,-0.03186438774163701,False
C_GB,corrected_vs_legacy_C,LEGACY_C,N190_to_175,0.044616719842150904,0.008108919558754644,5.502178128525309,0.03650780028339626,False
C_GB,corrected_vs_legacy_C,LEGACY_C,N175_to_160,0.03839775403959432,0.004205416858354633,9.130546467304889,0.034192337181239686,False
C_GB,corrected_vs_legacy_C,LEGACY_C,N190_to_160,0.0329095099979542,0.004708074602664175,6.9900145548525465,0.028201435395290027,False
C_GB,corrected_vs_legacy_C,LEGACY_C,N160_to_140,0.05170861280439493,0.0043902175996715555,11.778143481604054,0.04731839520472337,False
C_GB,corrected_vs_legacy_C,LEGACY_C,N140_to_120,0.04111567711298303,0.0038260977463450865,10.74611257703992,0.037289579366637945,False
C_GB,corrected_vs_legacy_C,LEGACY_C,N120_to_100,0.029208934987947834,0.004089985604030844,7.1415740336986175,0.02511894938391699,False
C_GB,corrected_vs_legacy_C,LEGACY_C,N100_to_80,0.024272331544528576,,,,False
C_GB,corrected_vs_legacy_C,LEGACY_C,N80_to_70,0.014978493194309926,,,,False
GC_GB,corrected_vs_no_C,G,N190_to_175,0.023414327673840156,0.017548546022659726,1.3342602654149343,0.0058657816511804295,False
GC_GB,corrected_vs_no_C,G,N175_to_160,0.030135556605447016,0.030518413718749512,0.9874548816058785,-0.0003828571133024962,True
GC_GB,corrected_vs_no_C,G,N190_to_160,0.024411227711166373,0.024481694496542774,0.9971216540837746,-7.0466785376401e-05,False
GC_GB,corrected_vs_no_C,G,N160_to_140,0.022047069391602524,0.025455106513215118,0.8661157783864193,-0.003408037121612594,False
GC_GB,corrected_vs_no_C,G,N140_to_120,0.045278651883274,0.06023704946447922,0.7516744642344088,-0.014958397581205221,False
GC_GB,corrected_vs_no_C,G,N120_to_100,0.03005516802677207,0.031546722335500474,0.9527191987533389,-0.001491554308728403,False
GC_GB,corrected_vs_no_C,G,N100_to_80,0.018152915767583284,0.026975842934612547,0.6729322902563086,-0.008822927167029263,False
GC_GB,corrected_vs_no_C,G,N80_to_70,0.02616380144970841,0.023058727179182573,1.1346593958286257,0.003105074270525837,True
GC_GB,corrected_vs_legacy_C,LEGACY_GC,N190_to_175,0.023414327673840156,0.006654497937211209,3.5185716330167978,0.016759829736628946,False
GC_GB,corrected_vs_legacy_C,LEGACY_GC,N175_to_160,0.030135556605447016,0.004439374622495926,6.788243653225207,0.02569618198295109,False
GC_GB,corrected_vs_legacy_C,LEGACY_GC,N190_to_160,0.024411227711166373,0.004855987322510432,5.027036952507186,0.019555240388655942,False
GC_GB,corrected_vs_legacy_C,LEGACY_GC,N160_to_140,0.022047069391602524,0.004715095411707503,4.675847987478688,0.01733197397989502,False
GC_GB,corrected_vs_legacy_C,LEGACY_GC,N140_to_120,0.045278651883274,0.0033926449473729832,13.346121561684338,0.04188600693590101,False
GC_GB,corrected_vs_legacy_C,LEGACY_GC,N120_to_100,0.03005516802677207,0.001420402781734301,21.159609382118315,0.02863476524503777,False
GC_GB,corrected_vs_legacy_C,LEGACY_GC,N100_to_80,0.018152915767583284,,,,False
GC_GB,corrected_vs_legacy_C,LEGACY_GC,N80_to_70,0.02616380144970841,,,,False
TC_GB,corrected_vs_no_C,T,N190_to_175,0.010272159313555384,0.022381412630184408,0.4589593822019066,-0.012109253316629024,False
TC_GB,corrected_vs_no_C,T,N175_to_160,0.02219791146701235,0.03053175256653964,0.7270434744495959,-0.00833384109952729,False
TC_GB,corrected_vs_no_C,T,N190_to_160,0.019795727924947187,0.0264384119787694,0.7487487501459457,-0.0066426840538222134,False
TC_GB,corrected_vs_no_C,T,N160_to_140,0.020413041090405877,0.02039638887288275,1.0008164296938498,1.6652217523126928e-05,True
TC_GB,corrected_vs_no_C,T,N140_to_120,0.05652295413937954,0.09452811118522814,0.5979486253419645,-0.038005157045848594,True
TC_GB,corrected_vs_no_C,T,N120_to_100,0.03644360246676423,0.037231340514694004,0.9788420713022976,-0.0007877380479297744,False
TC_GB,corrected_vs_no_C,T,N100_to_80,0.027071758237979946,0.028996998935419488,0.9336055189115491,-0.0019252406974395418,False
TC_GB,corrected_vs_no_C,T,N80_to_70,0.024319847039457096,0.04072176726968461,0.597219832783683,-0.01640192023022751,False
TC_GB,corrected_vs_legacy_C,LEGACY_TC,N190_to_175,0.010272159313555384,0.0077547775439727054,1.3246233377176988,0.002517381769582679,False
TC_GB,corrected_vs_legacy_C,LEGACY_TC,N175_to_160,0.02219791146701235,0.0041477953726763465,5.351737362272345,0.018050116094336002,False
TC_GB,corrected_vs_legacy_C,LEGACY_TC,N190_to_160,0.019795727924947187,0.004485866803738397,4.412910322805389,0.01530986112120879,False
TC_GB,corrected_vs_legacy_C,LEGACY_TC,N160_to_140,0.020413041090405877,0.003827530948835918,5.333213855949141,0.01658551014156996,False
TC_GB,corrected_vs_legacy_C,LEGACY_TC,N140_to_120,0.05652295413937954,0.004292948898309625,13.166463304894172,0.05223000524106992,False
TC_GB,corrected_vs_legacy_C,LEGACY_TC,N120_to_100,0.03644360246676423,0.006163119688550592,5.91317454607714,0.030280482778213637,False
TC_GB,corrected_vs_legacy_C,LEGACY_TC,N100_to_80,0.027071758237979946,,,,False
TC_GB,corrected_vs_legacy_C,LEGACY_TC,N80_to_70,0.024319847039457096,,,,False
SC_GB,corrected_vs_no_C,S,N190_to_175,0.017816674491508647,0.019145035485482277,0.9306159032726302,-0.0013283609939736298,False
SC_GB,corrected_vs_no_C,S,N175_to_160,9.268699121631802e-05,0.0007145042024380189,0.12972210786172156,-0.0006218172112217008,False
SC_GB,corrected_vs_no_C,S,N190_to_160,0.00029168067730775063,0.0010087983581749814,0.28913674863173905,-0.0007171176808672308,False
SC_GB,corrected_vs_no_C,S,N160_to_140,,,,,False
SC_GB,corrected_vs_no_C,S,N140_to_120,,,,,False
SC_GB,corrected_vs_no_C,S,N120_to_100,,,,,False
SC_GB,corrected_vs_no_C,S,N100_to_80,,,,,False
SC_GB,corrected_vs_no_C,S,N80_to_70,,,,,False
SC_GB,corrected_vs_legacy_C,LEGACY_SC,N190_to_175,0.017816674491508647,0.007943957899320685,2.242795684130226,0.009872716592187962,False
SC_GB,corrected_vs_legacy_C,LEGACY_SC,N175_to_160,9.268699121631802e-05,0.0038152021586158177,0.024294123184797504,-0.0037225151673994997,True
SC_GB,corrected_vs_legacy_C,LEGACY_SC,N190_to_160,0.00029168067730775063,0.0045019251382720105,0.06479021048753099,-0.00421024446096426,False
SC_GB,corrected_vs_legacy_C,LEGACY_SC,N160_to_140,,0.004342881043783907,,,False
SC_GB,corrected_vs_legacy_C,LEGACY_SC,N140_to_120,,0.004078848826124403,,,False
SC_GB,corrected_vs_legacy_C,LEGACY_SC,N120_to_100,,-0.0001657142590684725,,,False
SC_GB,corrected_vs_legacy_C,LEGACY_SC,N100_to_80,,,,,False
SC_GB,corrected_vs_legacy_C,LEGACY_SC,N80_to_70,,,,,False
GTC_GB,corrected_vs_no_C,GT,N190_to_175,0.018192574713381947,0.016258710865436357,1.1189432461128699,0.0019338638479455897,False
GTC_GB,corrected_vs_no_C,GT,N175_to_160,0.02131554718833169,0.022159126782155463,0.96193082867764,-0.000843579593823772,True
GTC_GB,corrected_vs_no_C,GT,N190_to_160,0.01709057210180703,0.019235270606463854,0.888501776318337,-0.0021446985046568237,False
GTC_GB,corrected_vs_no_C,GT,N160_to_140,0.02079022511690839,0.019633701448579594,1.0589050246769678,0.0011565236683287981,True
GTC_GB,corrected_vs_no_C,GT,N140_to_120,0.04260178255163557,0.0332615513748726,1.2808116516122288,0.00934023117676297,False
GTC_GB,corrected_vs_no_C,GT,N120_to_100,0.019610786546058325,0.018004798095484355,1.0891978039440917,0.0016059884505739697,False
GTC_GB,corrected_vs_no_C,GT,N100_to_80,0.022644514527840283,0.026585423398665965,0.8517642991150017,-0.003940908870825682,True
GTC_GB,corrected_vs_no_C,GT,N80_to_70,0.013313234449192975,0.030353297556487635,0.4386091634497695,-0.01704006310729466,False
GTC_GB,corrected_vs_legacy_C,LEGACY_GTC,N190_to_175,0.018192574713381947,0.006759835998493261,2.6912745690038924,0.011432738714888686,False
GTC_GB,corrected_vs_legacy_C,LEGACY_GTC,N175_to_160,0.02131554718833169,0.00397561187153839,5.361576501199926,0.0173399353167933,False
GTC_GB,corrected_vs_legacy_C,LEGACY_GTC,N190_to_160,0.01709057210180703,0.004362653801508601,3.917471538974082,0.01272791830029843,False
GTC_GB,corrected_vs_legacy_C,LEGACY_GTC,N160_to_140,0.02079022511690839,0.0050774201782085885,4.0946434187456955,0.015712804938699802,False
GTC_GB,corrected_vs_legacy_C,LEGACY_GTC,N140_to_120,0.04260178255163557,0.003437319401863137,12.393896979298473,0.039164463149772434,False
GTC_GB,corrected_vs_legacy_C,LEGACY_GTC,N120_to_100,0.019610786546058325,0.00013292128378547863,147.53684276558846,0.019477865262272846,False
GTC_GB,corrected_vs_legacy_C,LEGACY_GTC,N100_to_80,0.022644514527840283,,,,False
GTC_GB,corrected_vs_legacy_C,LEGACY_GTC,N80_to_70,0.013313234449192975,,,,False
GSC_GB,corrected_vs_no_C,GS,N190_to_175,0.017676834931905007,0.016381838814798304,1.0790507177946889,0.0012949961171067025,False
GSC_GB,corrected_vs_no_C,GS,N175_to_160,0.0220439836238014,0.018189645712699588,1.2118973602883756,0.0038543379111018114,False
GSC_GB,corrected_vs_no_C,GS,N190_to_160,0.01832219476621482,0.018210368234678708,1.0061408165993677,0.00011182653153611263,False
GSC_GB,corrected_vs_no_C,GS,N160_to_140,0.010422726956230269,0.007531318190607513,1.3839180197204655,0.002891408765622756,False
GSC_GB,corrected_vs_no_C,GS,N140_to_120,0.020840036755002626,0.00966023805952685,2.157300537169511,0.011179798695475775,False
GSC_GB,corrected_vs_no_C,GS,N120_to_100,0.003816641649327653,0.008031743692107752,0.47519465207511624,-0.004215102042780099,True
GSC_GB,corrected_vs_no_C,GS,N100_to_80,0.007755737397220079,0.005446876892426431,1.423887036625334,0.002308860504793648,True
GSC_GB,corrected_vs_no_C,GS,N80_to_70,,,,,False
GSC_GB,corrected_vs_legacy_C,LEGACY_GSC,N190_to_175,0.017676834931905007,0.0065470237249765145,2.699980277216487,0.011129811206928492,False
GSC_GB,corrected_vs_legacy_C,LEGACY_GSC,N175_to_160,0.0220439836238014,0.003789641554593173,5.816904661361271,0.018254342069208226,False
GSC_GB,corrected_vs_legacy_C,LEGACY_GSC,N190_to_160,0.01832219476621482,0.004492290368833136,4.078586480814234,0.013829904397381684,False
GSC_GB,corrected_vs_legacy_C,LEGACY_GSC,N160_to_140,0.010422726956230269,0.004881540514902419,2.1351306876203644,0.00554118644132785,False
GSC_GB,corrected_vs_legacy_C,LEGACY_GSC,N140_to_120,0.020840036755002626,0.0035708990593141723,5.836075567760565,0.017269137695688455,False
GSC_GB,corrected_vs_legacy_C,LEGACY_GSC,N120_to_100,0.003816641649327653,0.025921848281912484,0.14723647819475877,-0.02210520663258483,True
GSC_GB,corrected_vs_legacy_C,LEGACY_GSC,N100_to_80,0.007755737397220079,,,,False
GSC_GB,corrected_vs_legacy_C,LEGACY_GSC,N80_to_70,,,,,False
TSC_GB,corrected_vs_no_C,TS,N190_to_175,0.01216720539703536,0.01141006625483653,1.0663571205713105,0.0007571391421988295,False
TSC_GB,corrected_vs_no_C,TS,N175_to_160,0.00023912369932641274,0.0008357374028088614,0.28612300768486953,-0.0005966137034824487,True
TSC_GB,corrected_vs_no_C,TS,N190_to_160,0.0005002920970930036,0.0014797932819490922,0.3380824221840295,-0.0009795011848560886,False
TSC_GB,corrected_vs_no_C,TS,N160_to_140,,,,,False
TSC_GB,corrected_vs_no_C,TS,N140_to_120,,,,,False
TSC_GB,corrected_vs_no_C,TS,N120_to_100,,,,,False
TSC_GB,corrected_vs_no_C,TS,N100_to_80,,,,,False
TSC_GB,corrected_vs_no_C,TS,N80_to_70,,,,,False
TSC_GB,corrected_vs_legacy_C,LEGACY_TSC,N190_to_175,0.01216720539703536,0.007220323303997821,1.6851330452610758,0.004946882093037539,False
TSC_GB,corrected_vs_legacy_C,LEGACY_TSC,N175_to_160,0.00023912369932641274,0.0035992498540121497,0.0664370935682215,-0.003360126154685737,True
TSC_GB,corrected_vs_legacy_C,LEGACY_TSC,N190_to_160,0.0005002920970930036,0.004249928681936981,0.11771776294019752,-0.0037496365848439773,False
TSC_GB,corrected_vs_legacy_C,LEGACY_TSC,N160_to_140,,0.0038162248701811723,,,False
TSC_GB,corrected_vs_legacy_C,LEGACY_TSC,N140_to_120,,0.004359517159352581,,,False
TSC_GB,corrected_vs_legacy_C,LEGACY_TSC,N120_to_100,,0.01783818947743973,,,False
TSC_GB,corrected_vs_legacy_C,LEGACY_TSC,N100_to_80,,,,,False
TSC_GB,corrected_vs_legacy_C,LEGACY_TSC,N80_to_70,,,,,False
GTSC_GB,corrected_vs_no_C,GTS,N190_to_175,0.019492906426663573,0.015856553162353088,1.2293281034710608,0.003636353264310485,False
GTSC_GB,corrected_vs_no_C,GTS,N175_to_160,0.015848455474308208,0.01652096943703372,0.9592933111287045,-0.0006725139627255135,True
GTSC_GB,corrected_vs_no_C,GTS,N190_to_160,0.015465013671066502,0.014742632425886434,1.0489994747418139,0.0007223812451800683,True
GTSC_GB,corrected_vs_no_C,GTS,N160_to_140,0.01019609556935823,0.008683854692204666,1.174143963798827,0.001512240877153563,False
GTSC_GB,corrected_vs_no_C,GTS,N140_to_120,0.01836056878822734,0.00935909266529628,1.9617894004093719,0.009001476122931059,False
GTSC_GB,corrected_vs_no_C,GTS,N120_to_100,0.0044148136461901535,0.010185913723616607,0.4334234282737112,-0.005771100077426454,True
GTSC_GB,corrected_vs_no_C,GTS,N100_to_80,0.009883669665229428,0.004790751573537956,2.063072883975565,0.005092918091691472,True
GTSC_GB,corrected_vs_no_C,GTS,N80_to_70,,,,,False
GTSC_GB,corrected_vs_legacy_C,LEGACY_GTSC,N190_to_175,0.019492906426663573,0.006830527118259058,2.853792407112478,0.012662379308404515,False
GTSC_GB,corrected_vs_legacy_C,LEGACY_GTSC,N175_to_160,0.015848455474308208,0.0036024060151906524,4.399408452983457,0.012246049459117555,False
GTSC_GB,corrected_vs_legacy_C,LEGACY_GTSC,N190_to_160,0.015465013671066502,0.004298783051008866,3.597532950037354,0.011166230620057636,False
GTSC_GB,corrected_vs_legacy_C,LEGACY_GTSC,N160_to_140,0.01019609556935823,0.004627627770473167,2.2033093574239,0.005568467798885063,False
GTSC_GB,corrected_vs_legacy_C,LEGACY_GTSC,N140_to_120,0.01836056878822734,0.003907068172022241,4.6993213273584065,0.014453500616205098,False
GTSC_GB,corrected_vs_legacy_C,LEGACY_GTSC,N120_to_100,0.0044148136461901535,0.012865978252472047,0.3431385907513017,-0.008451164606281893,True
GTSC_GB,corrected_vs_legacy_C,LEGACY_GTSC,N100_to_80,0.009883669665229428,,,,False
GTSC_GB,corrected_vs_legacy_C,LEGACY_GTSC,N80_to_70,,,,,False
C_GBTJ,corrected_vs_no_C,B0,N190_to_175,0.038243417893759575,0.042985451503228536,0.8896828242198922,-0.004742033609468961,False
C_GBTJ,corrected_vs_no_C,B0,N175_to_160,0.022599817182706806,0.041742838349570544,0.5414058572981374,-0.019143021166863738,False
C_GBTJ,corrected_vs_no_C,B0,N190_to_160,0.03794724074517897,0.040375975156180376,0.9398470401864798,-0.0024287344110014084,False
C_GBTJ,corrected_vs_no_C,B0,N160_to_140,0.051928139492495605,0.058391205644209666,0.8893143910900739,-0.006463066151714061,False
C_GBTJ,corrected_vs_no_C,B0,N140_to_120,0.05272086151922107,0.05888620859858689,0.8953006616304081,-0.006165347079365821,False
C_GBTJ,corrected_vs_no_C,B0,N120_to_100,0.03357900424675204,0.03702449577929127,0.9069402172799776,-0.00344549153253923,False
C_GBTJ,corrected_vs_no_C,B0,N100_to_80,0.026294082735206753,0.026904868798522264,0.9772983073104947,-0.0006107860633155111,False
C_GBTJ,corrected_vs_no_C,B0,N80_to_70,0.04407997162613332,0.046842880935946934,0.9410175195331897,-0.002762909309813613,False
C_GBTJ,corrected_vs_legacy_C,LEGACY_C,N190_to_175,0.038243417893759575,0.008108919558754644,4.71621621310459,0.03013449833500493,False
C_GBTJ,corrected_vs_legacy_C,LEGACY_C,N175_to_160,0.022599817182706806,0.004205416858354633,5.373977882313662,0.018394400324352172,False
C_GBTJ,corrected_vs_legacy_C,LEGACY_C,N190_to_160,0.03794724074517897,0.004708074602664175,8.060033866860485,0.03323916614251479,False
C_GBTJ,corrected_vs_legacy_C,LEGACY_C,N160_to_140,0.051928139492495605,0.0043902175996715555,11.82814708236341,0.04753792189282405,False
C_GBTJ,corrected_vs_legacy_C,LEGACY_C,N140_to_120,0.05272086151922107,0.0038260977463450865,13.779277220395933,0.048894763772875986,False
C_GBTJ,corrected_vs_legacy_C,LEGACY_C,N120_to_100,0.03357900424675204,0.004089985604030844,8.210054385927076,0.029489018642721194,False
C_GBTJ,corrected_vs_legacy_C,LEGACY_C,N100_to_80,0.026294082735206753,,,,False
C_GBTJ,corrected_vs_legacy_C,LEGACY_C,N80_to_70,0.04407997162613332,,,,False
GC_GBTJ,corrected_vs_no_C,G,N190_to_175,0.014296785306469266,0.017548546022659726,0.8146991373535111,-0.0032517607161904605,False
GC_GBTJ,corrected_vs_no_C,G,N175_to_160,0.025249662329845084,0.030518413718749512,0.8273582815456926,-0.005268751388904428,False
GC_GBTJ,corrected_vs_no_C,G,N190_to_160,0.025662500936422916,0.024481694496542774,1.0482322185683222,0.0011808064398801423,True
GC_GBTJ,corrected_vs_no_C,G,N160_to_140,0.019326429307839274,0.025455106513215118,0.7592358451851648,-0.006128677205375844,True
GC_GBTJ,corrected_vs_no_C,G,N140_to_120,0.05620348674276477,0.06023704946447922,0.9330385077361238,-0.00403356272171445,False
GC_GBTJ,corrected_vs_no_C,G,N120_to_100,0.02780436215267506,0.031546722335500474,0.8813708713372729,-0.0037423601828254147,False
GC_GBTJ,corrected_vs_no_C,G,N100_to_80,0.02592807946159037,0.026975842934612547,0.9611591943368785,-0.0010477634730221771,False
GC_GBTJ,corrected_vs_no_C,G,N80_to_70,0.02271402462506729,0.023058727179182573,0.9850511022817218,-0.0003447025541152837,False
GC_GBTJ,corrected_vs_legacy_C,LEGACY_GC,N190_to_175,0.014296785306469266,0.006654497937211209,2.148439362573582,0.007642287369258057,False
GC_GBTJ,corrected_vs_legacy_C,LEGACY_GC,N175_to_160,0.025249662329845084,0.004439374622495926,5.687661996781228,0.02081028770734916,False
GC_GBTJ,corrected_vs_legacy_C,LEGACY_GC,N190_to_160,0.025662500936422916,0.004855987322510432,5.284713330585056,0.020806513613912482,False
GC_GBTJ,corrected_vs_legacy_C,LEGACY_GC,N160_to_140,0.019326429307839274,0.004715095411707503,4.098841618316371,0.01461133389613177,False
GC_GBTJ,corrected_vs_legacy_C,LEGACY_GC,N140_to_120,0.05620348674276477,0.0033926449473729832,16.566274282926262,0.052810841795391784,False
GC_GBTJ,corrected_vs_legacy_C,LEGACY_GC,N120_to_100,0.02780436215267506,0.001420402781734301,19.574984300387065,0.02638395937094076,False
GC_GBTJ,corrected_vs_legacy_C,LEGACY_GC,N100_to_80,0.02592807946159037,,,,False
GC_GBTJ,corrected_vs_legacy_C,LEGACY_GC,N80_to_70,0.02271402462506729,,,,False
TC_GBTJ,corrected_vs_no_C,T,N190_to_175,0.03304269297041899,0.022381412630184408,1.476345283311402,0.010661280340234579,False
TC_GBTJ,corrected_vs_no_C,T,N175_to_160,0.0335417165395231,0.03053175256653964,1.0985847100137363,0.0030099639729834586,False
TC_GBTJ,corrected_vs_no_C,T,N190_to_160,0.0376800906336273,0.0264384119787694,1.4252024918851105,0.011241678654857902,False
TC_GBTJ,corrected_vs_no_C,T,N160_to_140,0.048143727471452534,0.02039638887288275,2.360404470198164,0.027747338598569784,False
TC_GBTJ,corrected_vs_no_C,T,N140_to_120,0.057554850599485737,0.09452811118522814,0.6088649173017625,-0.0369732605857424,True
TC_GBTJ,corrected_vs_no_C,T,N120_to_100,0.03346855952041206,0.037231340514694004,0.8989351191156576,-0.003762780994281942,False
TC_GBTJ,corrected_vs_no_C,T,N100_to_80,0.027042560843487454,0.028996998935419488,0.9325986080047507,-0.001954438091932034,False
TC_GBTJ,corrected_vs_no_C,T,N80_to_70,0.04442366156860794,0.04072176726968461,1.0909070147768174,0.0037018942989233347,True
TC_GBTJ,corrected_vs_legacy_C,LEGACY_TC,N190_to_175,0.03304269297041899,0.0077547775439727054,4.260946594928563,0.025287915426446282,False
TC_GBTJ,corrected_vs_legacy_C,LEGACY_TC,N175_to_160,0.0335417165395231,0.0041477953726763465,8.086637243601643,0.02939392116684675,False
TC_GBTJ,corrected_vs_legacy_C,LEGACY_TC,N190_to_160,0.0376800906336273,0.004485866803738397,8.399734606971782,0.0331942238298889,False
TC_GBTJ,corrected_vs_legacy_C,LEGACY_TC,N160_to_140,0.048143727471452534,0.003827530948835918,12.578272550897251,0.04431619652261662,False
TC_GBTJ,corrected_vs_legacy_C,LEGACY_TC,N140_to_120,0.057554850599485737,0.004292948898309625,13.40683338256095,0.05326190170117611,False
TC_GBTJ,corrected_vs_legacy_C,LEGACY_TC,N120_to_100,0.03346855952041206,0.006163119688550592,5.430457497456619,0.02730543983186147,False
TC_GBTJ,corrected_vs_legacy_C,LEGACY_TC,N100_to_80,0.027042560843487454,,,,False
TC_GBTJ,corrected_vs_legacy_C,LEGACY_TC,N80_to_70,0.04442366156860794,,,,False
SC_GBTJ,corrected_vs_no_C,S,N190_to_175,0.012424523119790185,0.019145035485482277,0.6489684038043037,-0.006720512365692093,False
SC_GBTJ,corrected_vs_no_C,S,N175_to_160,0.00027507345472630937,0.0007145042024380189,0.3849850760677243,-0.0004394307477117095,False
SC_GBTJ,corrected_vs_no_C,S,N190_to_160,0.0004158905904424048,0.0010087983581749814,0.4122633498281986,-0.0005929077677325767,False
SC_GBTJ,corrected_vs_no_C,S,N160_to_140,,,,,False
SC_GBTJ,corrected_vs_no_C,S,N140_to_120,,,,,False
SC_GBTJ,corrected_vs_no_C,S,N120_to_100,,,,,False
SC_GBTJ,corrected_vs_no_C,S,N100_to_80,,,,,False
SC_GBTJ,corrected_vs_no_C,S,N80_to_70,,,,,False
SC_GBTJ,corrected_vs_legacy_C,LEGACY_SC,N190_to_175,0.012424523119790185,0.007943957899320685,1.5640217731834465,0.004480565220469499,False
SC_GBTJ,corrected_vs_legacy_C,LEGACY_SC,N175_to_160,0.00027507345472630937,0.0038152021586158177,0.07209931303512052,-0.0035401287038895083,True
SC_GBTJ,corrected_vs_legacy_C,LEGACY_SC,N190_to_160,0.0004158905904424048,0.0045019251382720105,0.09238060999877877,-0.004086034547829606,False
SC_GBTJ,corrected_vs_legacy_C,LEGACY_SC,N160_to_140,,0.004342881043783907,,,False
SC_GBTJ,corrected_vs_legacy_C,LEGACY_SC,N140_to_120,,0.004078848826124403,,,False
SC_GBTJ,corrected_vs_legacy_C,LEGACY_SC,N120_to_100,,-0.0001657142590684725,,,False
SC_GBTJ,corrected_vs_legacy_C,LEGACY_SC,N100_to_80,,,,,False
SC_GBTJ,corrected_vs_legacy_C,LEGACY_SC,N80_to_70,,,,,False
GTC_GBTJ,corrected_vs_no_C,GT,N190_to_175,0.01719366571134555,0.016258710865436357,1.0575048571591719,0.0009349548459091916,False
GTC_GBTJ,corrected_vs_no_C,GT,N175_to_160,0.04493164648223396,0.022159126782155463,2.02768127661136,0.022772519700078497,False
GTC_GBTJ,corrected_vs_no_C,GT,N190_to_160,0.024740959356832837,0.019235270606463854,1.28622881700031,0.005505688750368984,False
GTC_GBTJ,corrected_vs_no_C,GT,N160_to_140,0.01798962204770847,0.019633701448579594,0.9162623815393676,-0.0016440794008711242,True
GTC_GBTJ,corrected_vs_no_C,GT,N140_to_120,0.03034074293787532,0.0332615513748726,0.9121866444508718,-0.002920808436997279,False
GTC_GBTJ,corrected_vs_no_C,GT,N120_to_100,0.01775402949827673,0.018004798095484355,0.9860721238928795,-0.00025076859720762554,False
GTC_GBTJ,corrected_vs_no_C,GT,N100_to_80,0.02073035427263415,0.026585423398665965,0.7797639316014949,-0.005855069126031814,False
GTC_GBTJ,corrected_vs_no_C,GT,N80_to_70,0.023617264483370884,0.030353297556487635,0.7780790353805559,-0.006736033073116751,False
GTC_GBTJ,corrected_vs_legacy_C,LEGACY_GTC,N190_to_175,0.01719366571134555,0.006759835998493261,2.5435033801379126,0.010433829712852288,False
GTC_GBTJ,corrected_vs_legacy_C,LEGACY_GTC,N175_to_160,0.04493164648223396,0.00397561187153839,11.301819175031127,0.04095603461069557,False
GTC_GBTJ,corrected_vs_legacy_C,LEGACY_GTC,N190_to_160,0.024740959356832837,0.004362653801508601,5.6710801458225815,0.020378305555324237,False
GTC_GBTJ,corrected_vs_legacy_C,LEGACY_GTC,N160_to_140,0.01798962204770847,0.0050774201782085885,3.543063488209391,0.01291220186949988,False
GTC_GBTJ,corrected_vs_legacy_C,LEGACY_GTC,N140_to_120,0.03034074293787532,0.003437319401863137,8.82686168804379,0.026903423536012182,False
GTC_GBTJ,corrected_vs_legacy_C,LEGACY_GTC,N120_to_100,0.01775402949827673,0.00013292128378547863,133.56799597971022,0.01762110821449125,False
GTC_GBTJ,corrected_vs_legacy_C,LEGACY_GTC,N100_to_80,0.02073035427263415,,,,False
GTC_GBTJ,corrected_vs_legacy_C,LEGACY_GTC,N80_to_70,0.023617264483370884,,,,False
GSC_GBTJ,corrected_vs_no_C,GS,N190_to_175,0.014069768886309576,0.016381838814798304,0.8588638336253099,-0.0023120699284887285,False
GSC_GBTJ,corrected_vs_no_C,GS,N175_to_160,0.020916966191835487,0.018189645712699588,1.1499380758819149,0.0027273204791358995,True
GSC_GBTJ,corrected_vs_no_C,GS,N190_to_160,0.018094858173454582,0.018210368234678708,0.9936569068930657,-0.00011551006122412569,True
GSC_GBTJ,corrected_vs_no_C,GS,N160_to_140,0.010602703075028603,0.007531318190607513,1.4078150473381257,0.00307138488442109,True
GSC_GBTJ,corrected_vs_no_C,GS,N140_to_120,0.01049195390277925,0.00966023805952685,1.0860968268201392,0.0008317158432524004,False
GSC_GBTJ,corrected_vs_no_C,GS,N120_to_100,0.006502138112740606,0.008031743692107752,0.8095549810845949,-0.0015296055793671461,True
GSC_GBTJ,corrected_vs_no_C,GS,N100_to_80,0.007061993888718469,0.005446876892426431,1.296521663365986,0.0016151169962920382,True
GSC_GBTJ,corrected_vs_no_C,GS,N80_to_70,,,,,False
GSC_GBTJ,corrected_vs_legacy_C,LEGACY_GSC,N190_to_175,0.014069768886309576,0.0065470237249765145,2.1490328242792565,0.0075227451613330614,False
GSC_GBTJ,corrected_vs_legacy_C,LEGACY_GSC,N175_to_160,0.020916966191835487,0.003789641554593173,5.519510457785492,0.017127324637242314,False
GSC_GBTJ,corrected_vs_legacy_C,LEGACY_GSC,N190_to_160,0.018094858173454582,0.004492290368833136,4.027980537276509,0.013602567804621445,False
GSC_GBTJ,corrected_vs_legacy_C,LEGACY_GSC,N160_to_140,0.010602703075028603,0.004881540514902419,2.171999401144077,0.005721162560126184,False
GSC_GBTJ,corrected_vs_legacy_C,LEGACY_GSC,N140_to_120,0.01049195390277925,0.0035708990593141723,2.938182717714328,0.006921054843465078,False
GSC_GBTJ,corrected_vs_legacy_C,LEGACY_GSC,N120_to_100,0.006502138112740606,0.025921848281912484,0.250836207435008,-0.019419710169171878,True
GSC_GBTJ,corrected_vs_legacy_C,LEGACY_GSC,N100_to_80,0.007061993888718469,,,,False
GSC_GBTJ,corrected_vs_legacy_C,LEGACY_GSC,N80_to_70,,,,,False
TSC_GBTJ,corrected_vs_no_C,TS,N190_to_175,0.011870354585874944,0.01141006625483653,1.04034054849097,0.00046028833103841336,False
TSC_GBTJ,corrected_vs_no_C,TS,N175_to_160,0.00018508061717156465,0.0008357374028088614,0.22145786050680538,-0.0006506567856372968,True
TSC_GBTJ,corrected_vs_no_C,TS,N190_to_160,0.0003287117336279941,0.0014797932819490922,0.22213354908263627,-0.0011510815483210981,False
TSC_GBTJ,corrected_vs_no_C,TS,N160_to_140,,,,,False
TSC_GBTJ,corrected_vs_no_C,TS,N140_to_120,,,,,False
TSC_GBTJ,corrected_vs_no_C,TS,N120_to_100,,,,,False
TSC_GBTJ,corrected_vs_no_C,TS,N100_to_80,,,,,False
TSC_GBTJ,corrected_vs_no_C,TS,N80_to_70,,,,,False
TSC_GBTJ,corrected_vs_legacy_C,LEGACY_TSC,N190_to_175,0.011870354585874944,0.007220323303997821,1.6440198154703747,0.004650031281877123,False
TSC_GBTJ,corrected_vs_legacy_C,LEGACY_TSC,N175_to_160,0.00018508061717156465,0.0035992498540121497,0.05142199754908704,-0.0034141692368405852,True
TSC_GBTJ,corrected_vs_legacy_C,LEGACY_TSC,N190_to_160,0.0003287117336279941,0.004249928681936981,0.07734523523302463,-0.003921216948308987,False
TSC_GBTJ,corrected_vs_legacy_C,LEGACY_TSC,N160_to_140,,0.0038162248701811723,,,False
TSC_GBTJ,corrected_vs_legacy_C,LEGACY_TSC,N140_to_120,,0.004359517159352581,,,False
TSC_GBTJ,corrected_vs_legacy_C,LEGACY_TSC,N120_to_100,,0.01783818947743973,,,False
TSC_GBTJ,corrected_vs_legacy_C,LEGACY_TSC,N100_to_80,,,,,False
TSC_GBTJ,corrected_vs_legacy_C,LEGACY_TSC,N80_to_70,,,,,False
GTSC_GBTJ,corrected_vs_no_C,GTS,N190_to_175,0.017783611778605487,0.015856553162353088,1.1215307385231523,0.0019270586162523987,False
GTSC_GBTJ,corrected_vs_no_C,GTS,N175_to_160,0.019951784315337843,0.01652096943703372,1.2076642591332165,0.003430814878304121,False
GTSC_GBTJ,corrected_vs_no_C,GTS,N190_to_160,0.01847326487745463,0.014742632425886434,1.2530506319222623,0.0037306324515681954,False
GTSC_GBTJ,corrected_vs_no_C,GTS,N160_to_140,0.0077779033039679915,0.008683854692204666,0.8956740502521385,-0.0009059513882366749,True
GTSC_GBTJ,corrected_vs_no_C,GTS,N140_to_120,0.008071485790581921,0.00935909266529628,0.8624218264780268,-0.0012876068747143584,False
GTSC_GBTJ,corrected_vs_no_C,GTS,N120_to_100,0.007001279087875224,0.010185913723616607,0.6873491448923594,-0.0031846346357413836,False
GTSC_GBTJ,corrected_vs_no_C,GTS,N100_to_80,0.0037013062005107258,0.004790751573537956,0.7725940583008194,-0.0010894453730272303,False
GTSC_GBTJ,corrected_vs_no_C,GTS,N80_to_70,,,,,False
GTSC_GBTJ,corrected_vs_legacy_C,LEGACY_GTSC,N190_to_175,0.017783611778605487,0.006830527118259058,2.603548960528556,0.010953084660346429,False
GTSC_GBTJ,corrected_vs_legacy_C,LEGACY_GTSC,N175_to_160,0.019951784315337843,0.0036024060151906524,5.5384607485122475,0.01634937830014719,False
GTSC_GBTJ,corrected_vs_legacy_C,LEGACY_GTSC,N190_to_160,0.01847326487745463,0.004298783051008866,4.297324302774294,0.014174481826445763,False
GTSC_GBTJ,corrected_vs_legacy_C,LEGACY_GTSC,N160_to_140,0.0077779033039679915,0.004627627770473167,1.6807538742842134,0.003150275533494825,False
GTSC_GBTJ,corrected_vs_legacy_C,LEGACY_GTSC,N140_to_120,0.008071485790581921,0.003907068172022241,2.065867662197519,0.00416441761855968,False
GTSC_GBTJ,corrected_vs_legacy_C,LEGACY_GTSC,N120_to_100,0.007001279087875224,0.012865978252472047,0.544169976855822,-0.005864699164596823,True
GTSC_GBTJ,corrected_vs_legacy_C,LEGACY_GTSC,N100_to_80,0.0037013062005107258,,,,False
GTSC_GBTJ,corrected_vs_legacy_C,LEGACY_GTSC,N80_to_70,,,,,False
