regime,sink_path,stage,events,observed_mean_residence,observed_median_residence,rate_implied_mean_residence,median_rate
C_GB,gb_disconnection_sink,nucleation,1486,0.0033007713011469343,0.002296557724552173,0.0033104657014256297,302.072303473604
C_GB,gb_disconnection_sink,exchange,1486,3.4894888941323e-05,4.851502310998512e-09,1.3069899852105369e-05,102298090.52878632
C_GB,gb_disconnection_sink,transport,1200,4.234850379969853,0.9094272148508722,1.9985051812074797,0.4676964995338599
C_GB,tj_sink,nucleation,0,,,,
C_GB,tj_sink,exchange,0,,,,
C_GB,tj_sink,transport,0,,,,
GC_GB,gb_disconnection_sink,nucleation,1528,15.422742792434187,4.866700557884483,0.0033104657014256292,302.072303473604
GC_GB,gb_disconnection_sink,exchange,1528,3.5452070810390976e-05,2.9584441563201835e-09,1.550394416011515e-05,111243507.18881679
GC_GB,gb_disconnection_sink,transport,1240,5.269675311595163,0.8051628257658647,1.9020496469475539,0.6365869021433093
GC_GB,tj_sink,nucleation,0,,,,
GC_GB,tj_sink,exchange,0,,,,
GC_GB,tj_sink,transport,0,,,,
TC_GB,gb_disconnection_sink,nucleation,1509,0.0032591635924586492,0.002260977712630563,0.0033104657014256292,302.072303473604
TC_GB,gb_disconnection_sink,exchange,1509,3.498938595627876e-05,3.07550607203666e-09,1.4142237472421916e-05,120188923.84884807
TC_GB,gb_disconnection_sink,transport,1214,4.488446232148445,0.8704774100264672,1.826867483796237,0.6365869021433093
TC_GB,tj_sink,nucleation,0,,,,
TC_GB,tj_sink,exchange,0,,,,
TC_GB,tj_sink,transport,0,,,,
SC_GB,gb_disconnection_sink,nucleation,2543,0.003484278028582996,0.002315163885228344,0.0033104657014256292,302.072303473604
SC_GB,gb_disconnection_sink,exchange,2543,2.4698474247990975e-05,2.4302766519213037e-06,1.2297562280651585e-05,190540.62882701162
SC_GB,gb_disconnection_sink,transport,2404,3.6890411706680895,1.114949630039007,2.018903499536474,0.4676964995338599
SC_GB,tj_sink,nucleation,0,,,,
SC_GB,tj_sink,exchange,0,,,,
SC_GB,tj_sink,transport,0,,,,
GTC_GB,gb_disconnection_sink,nucleation,1531,18.207070647823922,5.564451854005682,0.0033104657014256292,302.072303473604
GTC_GB,gb_disconnection_sink,exchange,1531,4.181082493989059e-05,7.113527544788667e-10,2.284712835509368e-05,371400839.6814212
GTC_GB,gb_disconnection_sink,transport,1253,4.74766867024341,0.9226354279232112,1.887992135799536,0.6365869021433093
GTC_GB,tj_sink,nucleation,0,,,,
GTC_GB,tj_sink,exchange,0,,,,
GTC_GB,tj_sink,transport,0,,,,
GSC_GB,gb_disconnection_sink,nucleation,2155,18.535624329148014,0.006160426475901204,0.003310465701425629,302.072303473604
GSC_GB,gb_disconnection_sink,exchange,2155,2.9884789135502112e-05,5.374545253289398e-11,1.4040453663426649e-05,12875826161.484829
GSC_GB,gb_disconnection_sink,transport,1919,6.832575489620728,1.2181452710248877,2.3623191581728684,0.4676964995338599
GSC_GB,tj_sink,nucleation,0,,,,
GSC_GB,tj_sink,exchange,0,,,,
GSC_GB,tj_sink,transport,0,,,,
TSC_GB,gb_disconnection_sink,nucleation,1634,0.0034881862091834756,0.002384071162452983,0.003310465701425629,302.072303473604
TSC_GB,gb_disconnection_sink,exchange,1634,3.2301360976116926e-05,1.9392527406125737e-07,1.2739575110942645e-05,2950769.6215770934
TSC_GB,gb_disconnection_sink,transport,1505,5.9114147662938885,0.9977489951013341,1.7636853889197721,0.6365869021433093
TSC_GB,tj_sink,nucleation,0,,,,
TSC_GB,tj_sink,exchange,0,,,,
TSC_GB,tj_sink,transport,0,,,,
GTSC_GB,gb_disconnection_sink,nucleation,1763,21.039305971406886,0.007092261269406208,0.0033104657014256292,302.072303473604
GTSC_GB,gb_disconnection_sink,exchange,1763,3.566312797092394e-05,6.931557550160505e-10,1.7598180306542815e-05,831433420.4148995
GTSC_GB,gb_disconnection_sink,transport,1529,11.029476642685715,1.2974405918733396,2.226579781256801,0.4676964995338599
GTSC_GB,tj_sink,nucleation,0,,,,
GTSC_GB,tj_sink,exchange,0,,,,
GTSC_GB,tj_sink,transport,0,,,,
C_GBTJ,gb_disconnection_sink,nucleation,1053,0.0033079935401834288,0.0022369422996870725,0.0033104657014256297,302.072303473604
C_GBTJ,gb_disconnection_sink,exchange,1053,6.332179621959549e-05,3.914081503353373e-09,3.1692893559456646e-05,89295289.6877898
C_GBTJ,gb_disconnection_sink,transport,520,9.310779661708132,1.0768357445826098,0.8983035759500364,1.432320529822446
C_GBTJ,tj_sink,nucleation,1872,0.24578191475957717,0.007346545067483667,0.056401376760344936,102.7722095517978
C_GBTJ,tj_sink,exchange,1872,1.584537436303714e-05,1.1228813434627227e-09,1.7331874717437453e-05,702804510.6355786
C_GBTJ,tj_sink,transport,1608,2.696182701955983,0.13543976331178165,0.17454193722336067,5.729282119289784
GC_GBTJ,gb_disconnection_sink,nucleation,1222,14.45906109809981,0.701240490913857,0.003310465701425629,302.072303473604
GC_GBTJ,gb_disconnection_sink,exchange,1222,7.015390784484868e-05,1.3444543789375984e-07,5.522980504494851e-05,4501018.011799755
GC_GBTJ,gb_disconnection_sink,transport,688,7.912000563166295,0.346818106303175,0.6818678659478017,2.546347608573237
GC_GBTJ,tj_sink,nucleation,1678,0.32903173440508865,0.006150599034766557,0.05370932876581675,140.15134959968276
GC_GBTJ,tj_sink,exchange,1678,3.808897654915923e-05,1.241762106474198e-07,4.4236518714601757e-05,4666549.9316261355
GC_GBTJ,tj_sink,transport,1399,3.963407960906475,0.126502199087291,0.17454193722336067,5.729282119289784
TC_GBTJ,gb_disconnection_sink,nucleation,1079,0.0032789439134379883,0.0022148516733611068,0.003310465701425629,302.072303473604
TC_GBTJ,gb_disconnection_sink,exchange,1079,5.416086242103917e-05,1.1058936877361702e-08,2.5908783497253746e-05,37221949.34257623
TC_GBTJ,gb_disconnection_sink,transport,542,10.84337545550603,1.1611975472871885,0.9360696974612611,1.432320529822446
TC_GBTJ,tj_sink,nucleation,1942,0.27681630848676003,0.007182477124283437,0.0816190728543059,101.33130679567397
TC_GBTJ,tj_sink,exchange,1942,1.3299278127869931e-05,5.251806101114198e-09,1.37387932421484e-05,102546158.84295346
TC_GBTJ,tj_sink,transport,1646,2.6614670297065213,0.1275603106648553,0.1745419372233607,5.729282119289784
SC_GBTJ,gb_disconnection_sink,nucleation,1573,0.003460546763767057,0.0022987988334648435,0.003310465701425629,302.072303473604
SC_GBTJ,gb_disconnection_sink,exchange,1573,0.00036058324886122014,2.367395001101613e-05,0.00036464942712802347,21245.384429954862
SC_GBTJ,gb_disconnection_sink,transport,1293,10.389657546900212,1.3056568756697402,1.2537186712776196,1.432320529822446
SC_GBTJ,tj_sink,nucleation,5011,1.13680375615258,0.026479224916911903,0.20138624251811355,73.8001557996062
SC_GBTJ,tj_sink,exchange,5011,0.001217228259828048,2.419416429688681e-05,0.0004044485193808586,22653.484909855895
SC_GBTJ,tj_sink,transport,4892,1.7535672794629644,0.15541940025773116,0.17454193722336067,5.729282119289784
GTC_GBTJ,gb_disconnection_sink,nucleation,1226,13.97842251508029,0.6212789190285952,0.003310465701425629,302.072303473604
GTC_GBTJ,gb_disconnection_sink,exchange,1226,4.729349177016588e-05,1.6797543622715239e-07,2.5376821710468558e-05,3403055.112200657
GTC_GBTJ,gb_disconnection_sink,transport,688,8.956696394251496,0.42069999685998916,0.6323974040894365,2.546347608573237
GTC_GBTJ,tj_sink,nucleation,1687,0.4125711169813708,0.0060174893944662244,0.08461546090558192,144.00797078451046
GTC_GBTJ,tj_sink,exchange,1687,2.0760567932294615e-05,1.3512752161659591e-07,2.0962392584551144e-05,4197509.440994643
GTC_GBTJ,tj_sink,transport,1394,4.0673927182054666,0.12739892600429203,0.17454193722336067,5.729282119289784
GSC_GBTJ,gb_disconnection_sink,nucleation,1507,16.643345471917304,0.004489229533589878,0.003310465701425629,302.072303473604
GSC_GBTJ,gb_disconnection_sink,exchange,1507,0.00017605205729201738,2.5112268531302107e-07,0.0001437870924927789,2947584.9153581257
GSC_GBTJ,gb_disconnection_sink,transport,1018,13.580434294684045,0.7459325314947804,1.0905870601114847,1.432320529822446
GSC_GBTJ,tj_sink,nucleation,3224,1.004512865030169,0.015100416442290765,0.1812407357198659,76.4750772821488
GSC_GBTJ,tj_sink,exchange,3224,0.0001854162285415614,1.545432937177793e-07,7.824450332613733e-05,4445375.211525977
GSC_GBTJ,tj_sink,transport,3028,3.885040372293941,0.1481873941254399,0.17454193722336073,5.729282119289784
TSC_GBTJ,gb_disconnection_sink,nucleation,1675,0.0034680558910726127,0.0023735925806249725,0.0033104657014256292,302.072303473604
TSC_GBTJ,gb_disconnection_sink,exchange,1675,0.000693963684256261,7.553499062851188e-05,0.0006404504943344316,6633.336781018531
TSC_GBTJ,gb_disconnection_sink,transport,1408,10.276553122095434,1.2471880004551963,1.2650571515372127,1.432320529822446
TSC_GBTJ,tj_sink,nucleation,6083,0.9501454989378842,0.04069573970099327,0.16144108516784347,76.35694494635672
TSC_GBTJ,tj_sink,exchange,6083,0.0005618388549364249,8.353379273273731e-05,0.0005591973679521413,6808.54045875149
TSC_GBTJ,tj_sink,transport,5976,1.6172266128985018,0.15820331601837267,0.17454193722336067,5.729282119289784
GTSC_GBTJ,gb_disconnection_sink,nucleation,1644,13.899576912247737,0.003920663955291559,0.003310465701425629,302.072303473604
GTSC_GBTJ,gb_disconnection_sink,exchange,1644,6.175301703389403e-05,1.6073906294877816e-07,4.496425981246211e-05,4487069.276818784
GTSC_GBTJ,gb_disconnection_sink,transport,1186,12.460997603003738,0.9866346810870184,1.2198435768635165,1.432320529822446
GTSC_GBTJ,tj_sink,nucleation,3743,1.03811941081847,0.013969631718111941,0.3493101322202697,91.17020190673043
GTSC_GBTJ,tj_sink,exchange,3743,2.829023688254183e-05,1.0886128620768432e-07,2.481973931453559e-05,6496318.033703475
GTSC_GBTJ,tj_sink,transport,3504,3.370693640261739,0.14675701957597198,0.1745419372233607,5.729282119289784
