left_name,right_name,left,right,status,path,classification
audited_base,generic_science,9f66c8d7a5a266687284d8da35aefbc6062808f7,1316cc89dbabfb41cb883b0d4a4c74738cc2bef6,M,.github/workflows/ci.yml,SUPERSEDED
audited_base,generic_science,9f66c8d7a5a266687284d8da35aefbc6062808f7,1316cc89dbabfb41cb883b0d4a4c74738cc2bef6,A,configs/production/anisotropic_phase1_preregistration.json,GENERIC_ANISOTROPY_CORE
audited_base,generic_science,9f66c8d7a5a266687284d8da35aefbc6062808f7,1316cc89dbabfb41cb883b0d4a4c74738cc2bef6,A,docs/ANISOTROPIC_PHASE1_HANDOFF.md,REPORT_OR_ANALYSIS_ONLY
audited_base,generic_science,9f66c8d7a5a266687284d8da35aefbc6062808f7,1316cc89dbabfb41cb883b0d4a4c74738cc2bef6,A,docs/anisotropic_cahn_hoffman_derivation.md,REPORT_OR_ANALYSIS_ONLY
audited_base,generic_science,9f66c8d7a5a266687284d8da35aefbc6062808f7,1316cc89dbabfb41cb883b0d4a4c74738cc2bef6,A,docs/anisotropic_hpc_execution_report.md,REPORT_OR_ANALYSIS_ONLY
audited_base,generic_science,9f66c8d7a5a266687284d8da35aefbc6062808f7,1316cc89dbabfb41cb883b0d4a4c74738cc2bef6,A,docs/anisotropic_pf_integration_audit.md,REPORT_OR_ANALYSIS_ONLY
audited_base,generic_science,9f66c8d7a5a266687284d8da35aefbc6062808f7,1316cc89dbabfb41cb883b0d4a4c74738cc2bef6,A,docs/anisotropic_pf_operator.md,REPORT_OR_ANALYSIS_ONLY
audited_base,generic_science,9f66c8d7a5a266687284d8da35aefbc6062808f7,1316cc89dbabfb41cb883b0d4a4c74738cc2bef6,A,docs/anisotropic_phase1_scientific_report.md,REPORT_OR_ANALYSIS_ONLY
audited_base,generic_science,9f66c8d7a5a266687284d8da35aefbc6062808f7,1316cc89dbabfb41cb883b0d4a4c74738cc2bef6,A,docs/anisotropic_phase1_status.md,REPORT_OR_ANALYSIS_ONLY
audited_base,generic_science,9f66c8d7a5a266687284d8da35aefbc6062808f7,1316cc89dbabfb41cb883b0d4a4c74738cc2bef6,A,docs/anisotropic_phase1_validation_report.md,REPORT_OR_ANALYSIS_ONLY
audited_base,generic_science,9f66c8d7a5a266687284d8da35aefbc6062808f7,1316cc89dbabfb41cb883b0d4a4c74738cc2bef6,A,docs/anisotropic_qiu_shared_core_review.md,REPORT_OR_ANALYSIS_ONLY
audited_base,generic_science,9f66c8d7a5a266687284d8da35aefbc6062808f7,1316cc89dbabfb41cb883b0d4a4c74738cc2bef6,A,results/long_time_kinetics_900K_anisotropic_20260910/20260911T010258Z-initial-network-time-unresolved/anisotropy_parameters.json,REPORT_OR_ANALYSIS_ONLY
audited_base,generic_science,9f66c8d7a5a266687284d8da35aefbc6062808f7,1316cc89dbabfb41cb883b0d4a4c74738cc2bef6,A,results/long_time_kinetics_900K_anisotropic_20260910/20260911T010258Z-initial-network-time-unresolved/checksum_manifest.json,REPORT_OR_ANALYSIS_ONLY
audited_base,generic_science,9f66c8d7a5a266687284d8da35aefbc6062808f7,1316cc89dbabfb41cb883b0d4a4c74738cc2bef6,A,results/long_time_kinetics_900K_anisotropic_20260910/20260911T010258Z-initial-network-time-unresolved/constitutive_distributions.csv,REPORT_OR_ANALYSIS_ONLY
audited_base,generic_science,9f66c8d7a5a266687284d8da35aefbc6062808f7,1316cc89dbabfb41cb883b0d4a4c74738cc2bef6,A,results/long_time_kinetics_900K_anisotropic_20260910/20260911T010258Z-initial-network-time-unresolved/constitutive_ranges.png,REPORT_OR_ANALYSIS_ONLY
audited_base,generic_science,9f66c8d7a5a266687284d8da35aefbc6062808f7,1316cc89dbabfb41cb883b0d4a4c74738cc2bef6,A,results/long_time_kinetics_900K_anisotropic_20260910/20260911T010258Z-initial-network-time-unresolved/evidence/cpu.txt,REPORT_OR_ANALYSIS_ONLY
audited_base,generic_science,9f66c8d7a5a266687284d8da35aefbc6062808f7,1316cc89dbabfb41cb883b0d4a4c74738cc2bef6,A,results/long_time_kinetics_900K_anisotropic_20260910/20260911T010258Z-initial-network-time-unresolved/evidence/environment-fingerprint.json,REPORT_OR_ANALYSIS_ONLY
audited_base,generic_science,9f66c8d7a5a266687284d8da35aefbc6062808f7,1316cc89dbabfb41cb883b0d4a4c74738cc2bef6,A,results/long_time_kinetics_900K_anisotropic_20260910/20260911T010258Z-initial-network-time-unresolved/evidence/geometry.log,REPORT_OR_ANALYSIS_ONLY
audited_base,generic_science,9f66c8d7a5a266687284d8da35aefbc6062808f7,1316cc89dbabfb41cb883b0d4a4c74738cc2bef6,A,results/long_time_kinetics_900K_anisotropic_20260910/20260911T010258Z-initial-network-time-unresolved/evidence/geometry/qualification.json,REPORT_OR_ANALYSIS_ONLY
audited_base,generic_science,9f66c8d7a5a266687284d8da35aefbc6062808f7,1316cc89dbabfb41cb883b0d4a4c74738cc2bef6,A,results/long_time_kinetics_900K_anisotropic_20260910/20260911T010258Z-initial-network-time-unresolved/evidence/geometry_exit_code.txt,REPORT_OR_ANALYSIS_ONLY
audited_base,generic_science,9f66c8d7a5a266687284d8da35aefbc6062808f7,1316cc89dbabfb41cb883b0d4a4c74738cc2bef6,A,results/long_time_kinetics_900K_anisotropic_20260910/20260911T010258Z-initial-network-time-unresolved/evidence/inputs.sha256,REPORT_OR_ANALYSIS_ONLY
audited_base,generic_science,9f66c8d7a5a266687284d8da35aefbc6062808f7,1316cc89dbabfb41cb883b0d4a4c74738cc2bef6,A,results/long_time_kinetics_900K_anisotropic_20260910/20260911T010258Z-initial-network-time-unresolved/evidence/manufactured.log,REPORT_OR_ANALYSIS_ONLY
audited_base,generic_science,9f66c8d7a5a266687284d8da35aefbc6062808f7,1316cc89dbabfb41cb883b0d4a4c74738cc2bef6,A,results/long_time_kinetics_900K_anisotropic_20260910/20260911T010258Z-initial-network-time-unresolved/evidence/manufactured/manufactured.json,REPORT_OR_ANALYSIS_ONLY
audited_base,generic_science,9f66c8d7a5a266687284d8da35aefbc6062808f7,1316cc89dbabfb41cb883b0d4a4c74738cc2bef6,A,results/long_time_kinetics_900K_anisotropic_20260910/20260911T010258Z-initial-network-time-unresolved/evidence/manufactured_exit_code.txt,REPORT_OR_ANALYSIS_ONLY
audited_base,generic_science,9f66c8d7a5a266687284d8da35aefbc6062808f7,1316cc89dbabfb41cb883b0d4a4c74738cc2bef6,A,results/long_time_kinetics_900K_anisotropic_20260910/20260911T010258Z-initial-network-time-unresolved/evidence/numpy-build.txt,REPORT_OR_ANALYSIS_ONLY
audited_base,generic_science,9f66c8d7a5a266687284d8da35aefbc6062808f7,1316cc89dbabfb41cb883b0d4a4c74738cc2bef6,A,results/long_time_kinetics_900K_anisotropic_20260910/20260911T010258Z-initial-network-time-unresolved/evidence/pip-freeze.txt,REPORT_OR_ANALYSIS_ONLY
audited_base,generic_science,9f66c8d7a5a266687284d8da35aefbc6062808f7,1316cc89dbabfb41cb883b0d4a4c74738cc2bef6,A,results/long_time_kinetics_900K_anisotropic_20260910/20260911T010258Z-initial-network-time-unresolved/evidence/runtime-libraries.txt,REPORT_OR_ANALYSIS_ONLY
audited_base,generic_science,9f66c8d7a5a266687284d8da35aefbc6062808f7,1316cc89dbabfb41cb883b0d4a4c74738cc2bef6,A,results/long_time_kinetics_900K_anisotropic_20260910/20260911T010258Z-initial-network-time-unresolved/evidence/source_commit.txt,REPORT_OR_ANALYSIS_ONLY
audited_base,generic_science,9f66c8d7a5a266687284d8da35aefbc6062808f7,1316cc89dbabfb41cb883b0d4a4c74738cc2bef6,A,results/long_time_kinetics_900K_anisotropic_20260910/20260911T010258Z-initial-network-time-unresolved/evidence/test_exit_code.txt,REPORT_OR_ANALYSIS_ONLY
audited_base,generic_science,9f66c8d7a5a266687284d8da35aefbc6062808f7,1316cc89dbabfb41cb883b0d4a4c74738cc2bef6,A,results/long_time_kinetics_900K_anisotropic_20260910/20260911T010258Z-initial-network-time-unresolved/evidence/tests.log,REPORT_OR_ANALYSIS_ONLY
audited_base,generic_science,9f66c8d7a5a266687284d8da35aefbc6062808f7,1316cc89dbabfb41cb883b0d4a4c74738cc2bef6,A,results/long_time_kinetics_900K_anisotropic_20260910/20260911T010258Z-initial-network-time-unresolved/evidence/tests.xml,REPORT_OR_ANALYSIS_ONLY
audited_base,generic_science,9f66c8d7a5a266687284d8da35aefbc6062808f7,1316cc89dbabfb41cb883b0d4a4c74738cc2bef6,A,results/long_time_kinetics_900K_anisotropic_20260910/20260911T010258Z-initial-network-time-unresolved/figure_manifest.json,REPORT_OR_ANALYSIS_ONLY
audited_base,generic_science,9f66c8d7a5a266687284d8da35aefbc6062808f7,1316cc89dbabfb41cb883b0d4a4c74738cc2bef6,A,results/long_time_kinetics_900K_anisotropic_20260910/20260911T010258Z-initial-network-time-unresolved/initial_network_normalization.json,REPORT_OR_ANALYSIS_ONLY
audited_base,generic_science,9f66c8d7a5a266687284d8da35aefbc6062808f7,1316cc89dbabfb41cb883b0d4a4c74738cc2bef6,A,results/long_time_kinetics_900K_anisotropic_20260910/20260911T010258Z-initial-network-time-unresolved/isotropic_anisotropic_comparison.csv,REPORT_OR_ANALYSIS_ONLY
audited_base,generic_science,9f66c8d7a5a266687284d8da35aefbc6062808f7,1316cc89dbabfb41cb883b0d4a4c74738cc2bef6,A,results/long_time_kinetics_900K_anisotropic_20260910/20260911T010258Z-initial-network-time-unresolved/movie_index.csv,REPORT_OR_ANALYSIS_ONLY
audited_base,generic_science,9f66c8d7a5a266687284d8da35aefbc6062808f7,1316cc89dbabfb41cb883b0d4a4c74738cc2bef6,A,results/long_time_kinetics_900K_anisotropic_20260910/20260911T010258Z-initial-network-time-unresolved/qualification_decision.json,REPORT_OR_ANALYSIS_ONLY
audited_base,generic_science,9f66c8d7a5a266687284d8da35aefbc6062808f7,1316cc89dbabfb41cb883b0d4a4c74738cc2bef6,A,results/long_time_kinetics_900K_anisotropic_20260910/20260911T010258Z-initial-network-time-unresolved/run_matrix.csv,REPORT_OR_ANALYSIS_ONLY
audited_base,generic_science,9f66c8d7a5a266687284d8da35aefbc6062808f7,1316cc89dbabfb41cb883b0d4a4c74738cc2bef6,A,results/long_time_kinetics_900K_anisotropic_20260910/20260911T013122Z-mathematical-qualification/anisotropy_parameters.json,REPORT_OR_ANALYSIS_ONLY
audited_base,generic_science,9f66c8d7a5a266687284d8da35aefbc6062808f7,1316cc89dbabfb41cb883b0d4a4c74738cc2bef6,A,results/long_time_kinetics_900K_anisotropic_20260910/20260911T013122Z-mathematical-qualification/checksum_manifest.json,REPORT_OR_ANALYSIS_ONLY
audited_base,generic_science,9f66c8d7a5a266687284d8da35aefbc6062808f7,1316cc89dbabfb41cb883b0d4a4c74738cc2bef6,A,results/long_time_kinetics_900K_anisotropic_20260910/20260911T013122Z-mathematical-qualification/constitutive_distributions.csv,REPORT_OR_ANALYSIS_ONLY
audited_base,generic_science,9f66c8d7a5a266687284d8da35aefbc6062808f7,1316cc89dbabfb41cb883b0d4a4c74738cc2bef6,A,results/long_time_kinetics_900K_anisotropic_20260910/20260911T013122Z-mathematical-qualification/constitutive_ranges.png,REPORT_OR_ANALYSIS_ONLY
audited_base,generic_science,9f66c8d7a5a266687284d8da35aefbc6062808f7,1316cc89dbabfb41cb883b0d4a4c74738cc2bef6,A,results/long_time_kinetics_900K_anisotropic_20260910/20260911T013122Z-mathematical-qualification/evidence/cpu.txt,REPORT_OR_ANALYSIS_ONLY
audited_base,generic_science,9f66c8d7a5a266687284d8da35aefbc6062808f7,1316cc89dbabfb41cb883b0d4a4c74738cc2bef6,A,results/long_time_kinetics_900K_anisotropic_20260910/20260911T013122Z-mathematical-qualification/evidence/environment-fingerprint.json,REPORT_OR_ANALYSIS_ONLY
audited_base,generic_science,9f66c8d7a5a266687284d8da35aefbc6062808f7,1316cc89dbabfb41cb883b0d4a4c74738cc2bef6,A,results/long_time_kinetics_900K_anisotropic_20260910/20260911T013122Z-mathematical-qualification/evidence/geometry.log,REPORT_OR_ANALYSIS_ONLY
audited_base,generic_science,9f66c8d7a5a266687284d8da35aefbc6062808f7,1316cc89dbabfb41cb883b0d4a4c74738cc2bef6,A,results/long_time_kinetics_900K_anisotropic_20260910/20260911T013122Z-mathematical-qualification/evidence/geometry/qualification.json,REPORT_OR_ANALYSIS_ONLY
audited_base,generic_science,9f66c8d7a5a266687284d8da35aefbc6062808f7,1316cc89dbabfb41cb883b0d4a4c74738cc2bef6,A,results/long_time_kinetics_900K_anisotropic_20260910/20260911T013122Z-mathematical-qualification/evidence/geometry_exit_code.txt,REPORT_OR_ANALYSIS_ONLY
audited_base,generic_science,9f66c8d7a5a266687284d8da35aefbc6062808f7,1316cc89dbabfb41cb883b0d4a4c74738cc2bef6,A,results/long_time_kinetics_900K_anisotropic_20260910/20260911T013122Z-mathematical-qualification/evidence/hpc3/55932113/checksums-single.sha256,REPORT_OR_ANALYSIS_ONLY
audited_base,generic_science,9f66c8d7a5a266687284d8da35aefbc6062808f7,1316cc89dbabfb41cb883b0d4a4c74738cc2bef6,A,results/long_time_kinetics_900K_anisotropic_20260910/20260911T013122Z-mathematical-qualification/evidence/hpc3/55932113/final-single.json,REPORT_OR_ANALYSIS_ONLY
audited_base,generic_science,9f66c8d7a5a266687284d8da35aefbc6062808f7,1316cc89dbabfb41cb883b0d4a4c74738cc2bef6,A,results/long_time_kinetics_900K_anisotropic_20260910/20260911T013122Z-mathematical-qualification/evidence/hpc3/55932113/hpc3-20260911T002118Z-nogit-d279e0-slurm-55932113.err,REPORT_OR_ANALYSIS_ONLY
audited_base,generic_science,9f66c8d7a5a266687284d8da35aefbc6062808f7,1316cc89dbabfb41cb883b0d4a4c74738cc2bef6,A,results/long_time_kinetics_900K_anisotropic_20260910/20260911T013122Z-mathematical-qualification/evidence/hpc3/55932113/hpc3-20260911T002118Z-nogit-d279e0-slurm-55932113.out,REPORT_OR_ANALYSIS_ONLY
audited_base,generic_science,9f66c8d7a5a266687284d8da35aefbc6062808f7,1316cc89dbabfb41cb883b0d4a4c74738cc2bef6,A,results/long_time_kinetics_900K_anisotropic_20260910/20260911T013122Z-mathematical-qualification/evidence/hpc3/55932113/runner-record.json,REPORT_OR_ANALYSIS_ONLY
audited_base,generic_science,9f66c8d7a5a266687284d8da35aefbc6062808f7,1316cc89dbabfb41cb883b0d4a4c74738cc2bef6,A,results/long_time_kinetics_900K_anisotropic_20260910/20260911T013122Z-mathematical-qualification/evidence/hpc3/55932113/sacct-seff.txt,REPORT_OR_ANALYSIS_ONLY
audited_base,generic_science,9f66c8d7a5a266687284d8da35aefbc6062808f7,1316cc89dbabfb41cb883b0d4a4c74738cc2bef6,A,results/long_time_kinetics_900K_anisotropic_20260910/20260911T013122Z-mathematical-qualification/evidence/hpc3/55932211/checksums-single.sha256,REPORT_OR_ANALYSIS_ONLY
audited_base,generic_science,9f66c8d7a5a266687284d8da35aefbc6062808f7,1316cc89dbabfb41cb883b0d4a4c74738cc2bef6,A,results/long_time_kinetics_900K_anisotropic_20260910/20260911T013122Z-mathematical-qualification/evidence/hpc3/55932211/final-single.json,REPORT_OR_ANALYSIS_ONLY
audited_base,generic_science,9f66c8d7a5a266687284d8da35aefbc6062808f7,1316cc89dbabfb41cb883b0d4a4c74738cc2bef6,A,results/long_time_kinetics_900K_anisotropic_20260910/20260911T013122Z-mathematical-qualification/evidence/hpc3/55932211/hpc3-20260911T002932Z-nogit-2371f7-slurm-55932211.err,REPORT_OR_ANALYSIS_ONLY
audited_base,generic_science,9f66c8d7a5a266687284d8da35aefbc6062808f7,1316cc89dbabfb41cb883b0d4a4c74738cc2bef6,A,results/long_time_kinetics_900K_anisotropic_20260910/20260911T013122Z-mathematical-qualification/evidence/hpc3/55932211/hpc3-20260911T002932Z-nogit-2371f7-slurm-55932211.out,REPORT_OR_ANALYSIS_ONLY
audited_base,generic_science,9f66c8d7a5a266687284d8da35aefbc6062808f7,1316cc89dbabfb41cb883b0d4a4c74738cc2bef6,A,results/long_time_kinetics_900K_anisotropic_20260910/20260911T013122Z-mathematical-qualification/evidence/hpc3/55932211/runner-record.json,REPORT_OR_ANALYSIS_ONLY
audited_base,generic_science,9f66c8d7a5a266687284d8da35aefbc6062808f7,1316cc89dbabfb41cb883b0d4a4c74738cc2bef6,A,results/long_time_kinetics_900K_anisotropic_20260910/20260911T013122Z-mathematical-qualification/evidence/hpc3/55932211/sacct-seff.txt,REPORT_OR_ANALYSIS_ONLY
audited_base,generic_science,9f66c8d7a5a266687284d8da35aefbc6062808f7,1316cc89dbabfb41cb883b0d4a4c74738cc2bef6,A,results/long_time_kinetics_900K_anisotropic_20260910/20260911T013122Z-mathematical-qualification/evidence/hpc3/55932614/checksums-single.sha256,REPORT_OR_ANALYSIS_ONLY
audited_base,generic_science,9f66c8d7a5a266687284d8da35aefbc6062808f7,1316cc89dbabfb41cb883b0d4a4c74738cc2bef6,A,results/long_time_kinetics_900K_anisotropic_20260910/20260911T013122Z-mathematical-qualification/evidence/hpc3/55932614/final-single.json,REPORT_OR_ANALYSIS_ONLY
audited_base,generic_science,9f66c8d7a5a266687284d8da35aefbc6062808f7,1316cc89dbabfb41cb883b0d4a4c74738cc2bef6,A,results/long_time_kinetics_900K_anisotropic_20260910/20260911T013122Z-mathematical-qualification/evidence/hpc3/55932614/hpc3-20260911T004050Z-nogit-3e2ea8-slurm-55932614.err,REPORT_OR_ANALYSIS_ONLY
audited_base,generic_science,9f66c8d7a5a266687284d8da35aefbc6062808f7,1316cc89dbabfb41cb883b0d4a4c74738cc2bef6,A,results/long_time_kinetics_900K_anisotropic_20260910/20260911T013122Z-mathematical-qualification/evidence/hpc3/55932614/hpc3-20260911T004050Z-nogit-3e2ea8-slurm-55932614.out,REPORT_OR_ANALYSIS_ONLY
audited_base,generic_science,9f66c8d7a5a266687284d8da35aefbc6062808f7,1316cc89dbabfb41cb883b0d4a4c74738cc2bef6,A,results/long_time_kinetics_900K_anisotropic_20260910/20260911T013122Z-mathematical-qualification/evidence/hpc3/55932614/runner-record.json,REPORT_OR_ANALYSIS_ONLY
audited_base,generic_science,9f66c8d7a5a266687284d8da35aefbc6062808f7,1316cc89dbabfb41cb883b0d4a4c74738cc2bef6,A,results/long_time_kinetics_900K_anisotropic_20260910/20260911T013122Z-mathematical-qualification/evidence/hpc3/55932614/sacct-seff.txt,REPORT_OR_ANALYSIS_ONLY
audited_base,generic_science,9f66c8d7a5a266687284d8da35aefbc6062808f7,1316cc89dbabfb41cb883b0d4a4c74738cc2bef6,A,results/long_time_kinetics_900K_anisotropic_20260910/20260911T013122Z-mathematical-qualification/evidence/hpc3/55932951/checksums-single.sha256,REPORT_OR_ANALYSIS_ONLY
audited_base,generic_science,9f66c8d7a5a266687284d8da35aefbc6062808f7,1316cc89dbabfb41cb883b0d4a4c74738cc2bef6,A,results/long_time_kinetics_900K_anisotropic_20260910/20260911T013122Z-mathematical-qualification/evidence/hpc3/55932951/final-single.json,REPORT_OR_ANALYSIS_ONLY
audited_base,generic_science,9f66c8d7a5a266687284d8da35aefbc6062808f7,1316cc89dbabfb41cb883b0d4a4c74738cc2bef6,A,results/long_time_kinetics_900K_anisotropic_20260910/20260911T013122Z-mathematical-qualification/evidence/hpc3/55932951/hpc3-20260911T010258Z-nogit-ae4ebc-slurm-55932951.err,REPORT_OR_ANALYSIS_ONLY
audited_base,generic_science,9f66c8d7a5a266687284d8da35aefbc6062808f7,1316cc89dbabfb41cb883b0d4a4c74738cc2bef6,A,results/long_time_kinetics_900K_anisotropic_20260910/20260911T013122Z-mathematical-qualification/evidence/hpc3/55932951/hpc3-20260911T010258Z-nogit-ae4ebc-slurm-55932951.out,REPORT_OR_ANALYSIS_ONLY
audited_base,generic_science,9f66c8d7a5a266687284d8da35aefbc6062808f7,1316cc89dbabfb41cb883b0d4a4c74738cc2bef6,A,results/long_time_kinetics_900K_anisotropic_20260910/20260911T013122Z-mathematical-qualification/evidence/hpc3/55932951/runner-record.json,REPORT_OR_ANALYSIS_ONLY
audited_base,generic_science,9f66c8d7a5a266687284d8da35aefbc6062808f7,1316cc89dbabfb41cb883b0d4a4c74738cc2bef6,A,results/long_time_kinetics_900K_anisotropic_20260910/20260911T013122Z-mathematical-qualification/evidence/hpc3/55932951/sacct-seff.txt,REPORT_OR_ANALYSIS_ONLY
audited_base,generic_science,9f66c8d7a5a266687284d8da35aefbc6062808f7,1316cc89dbabfb41cb883b0d4a4c74738cc2bef6,A,results/long_time_kinetics_900K_anisotropic_20260910/20260911T013122Z-mathematical-qualification/evidence/hpc3/55933300/checksums-single.sha256,REPORT_OR_ANALYSIS_ONLY
audited_base,generic_science,9f66c8d7a5a266687284d8da35aefbc6062808f7,1316cc89dbabfb41cb883b0d4a4c74738cc2bef6,A,results/long_time_kinetics_900K_anisotropic_20260910/20260911T013122Z-mathematical-qualification/evidence/hpc3/55933300/final-single.json,REPORT_OR_ANALYSIS_ONLY
audited_base,generic_science,9f66c8d7a5a266687284d8da35aefbc6062808f7,1316cc89dbabfb41cb883b0d4a4c74738cc2bef6,A,results/long_time_kinetics_900K_anisotropic_20260910/20260911T013122Z-mathematical-qualification/evidence/hpc3/55933300/hpc3-20260911T013122Z-nogit-e7f36e-slurm-55933300.err,REPORT_OR_ANALYSIS_ONLY
audited_base,generic_science,9f66c8d7a5a266687284d8da35aefbc6062808f7,1316cc89dbabfb41cb883b0d4a4c74738cc2bef6,A,results/long_time_kinetics_900K_anisotropic_20260910/20260911T013122Z-mathematical-qualification/evidence/hpc3/55933300/hpc3-20260911T013122Z-nogit-e7f36e-slurm-55933300.out,REPORT_OR_ANALYSIS_ONLY
audited_base,generic_science,9f66c8d7a5a266687284d8da35aefbc6062808f7,1316cc89dbabfb41cb883b0d4a4c74738cc2bef6,A,results/long_time_kinetics_900K_anisotropic_20260910/20260911T013122Z-mathematical-qualification/evidence/hpc3/55933300/runner-record.json,REPORT_OR_ANALYSIS_ONLY
audited_base,generic_science,9f66c8d7a5a266687284d8da35aefbc6062808f7,1316cc89dbabfb41cb883b0d4a4c74738cc2bef6,A,results/long_time_kinetics_900K_anisotropic_20260910/20260911T013122Z-mathematical-qualification/evidence/hpc3/55933300/sacct-seff.txt,REPORT_OR_ANALYSIS_ONLY
audited_base,generic_science,9f66c8d7a5a266687284d8da35aefbc6062808f7,1316cc89dbabfb41cb883b0d4a4c74738cc2bef6,A,results/long_time_kinetics_900K_anisotropic_20260910/20260911T013122Z-mathematical-qualification/evidence/hpc3/archive_verification.json,REPORT_OR_ANALYSIS_ONLY
audited_base,generic_science,9f66c8d7a5a266687284d8da35aefbc6062808f7,1316cc89dbabfb41cb883b0d4a4c74738cc2bef6,A,results/long_time_kinetics_900K_anisotropic_20260910/20260911T013122Z-mathematical-qualification/evidence/hpc3/final-reconciliation.txt,REPORT_OR_ANALYSIS_ONLY
audited_base,generic_science,9f66c8d7a5a266687284d8da35aefbc6062808f7,1316cc89dbabfb41cb883b0d4a4c74738cc2bef6,A,results/long_time_kinetics_900K_anisotropic_20260910/20260911T013122Z-mathematical-qualification/evidence/hpc3/geometry-v6-compute-io-probe.txt,REPORT_OR_ANALYSIS_ONLY
audited_base,generic_science,9f66c8d7a5a266687284d8da35aefbc6062808f7,1316cc89dbabfb41cb883b0d4a4c74738cc2bef6,A,results/long_time_kinetics_900K_anisotropic_20260910/20260911T013122Z-mathematical-qualification/evidence/hpc3/geometry-v6-compute-progress-probe.txt,REPORT_OR_ANALYSIS_ONLY
audited_base,generic_science,9f66c8d7a5a266687284d8da35aefbc6062808f7,1316cc89dbabfb41cb883b0d4a4c74738cc2bef6,A,results/long_time_kinetics_900K_anisotropic_20260910/20260911T013122Z-mathematical-qualification/evidence/hpc3/geometry-v6-preserve-before-cancel.txt,REPORT_OR_ANALYSIS_ONLY
audited_base,generic_science,9f66c8d7a5a266687284d8da35aefbc6062808f7,1316cc89dbabfb41cb883b0d4a4c74738cc2bef6,A,results/long_time_kinetics_900K_anisotropic_20260910/20260911T013122Z-mathematical-qualification/evidence/hpc3/geometry-v6-progress-decision.json,REPORT_OR_ANALYSIS_ONLY
audited_base,generic_science,9f66c8d7a5a266687284d8da35aefbc6062808f7,1316cc89dbabfb41cb883b0d4a4c74738cc2bef6,A,results/long_time_kinetics_900K_anisotropic_20260910/20260911T013122Z-mathematical-qualification/evidence/hpc3/historical_source_identity.json,REPORT_OR_ANALYSIS_ONLY
audited_base,generic_science,9f66c8d7a5a266687284d8da35aefbc6062808f7,1316cc89dbabfb41cb883b0d4a4c74738cc2bef6,A,results/long_time_kinetics_900K_anisotropic_20260910/20260911T013122Z-mathematical-qualification/evidence/hpc3/ownership.json,REPORT_OR_ANALYSIS_ONLY
audited_base,generic_science,9f66c8d7a5a266687284d8da35aefbc6062808f7,1316cc89dbabfb41cb883b0d4a4c74738cc2bef6,A,results/long_time_kinetics_900K_anisotropic_20260910/20260911T013122Z-mathematical-qualification/evidence/hpc3/provenance.json,REPORT_OR_ANALYSIS_ONLY
audited_base,generic_science,9f66c8d7a5a266687284d8da35aefbc6062808f7,1316cc89dbabfb41cb883b0d4a4c74738cc2bef6,A,results/long_time_kinetics_900K_anisotropic_20260910/20260911T013122Z-mathematical-qualification/evidence/inputs.sha256,REPORT_OR_ANALYSIS_ONLY
audited_base,generic_science,9f66c8d7a5a266687284d8da35aefbc6062808f7,1316cc89dbabfb41cb883b0d4a4c74738cc2bef6,A,results/long_time_kinetics_900K_anisotropic_20260910/20260911T013122Z-mathematical-qualification/evidence/manufactured.log,REPORT_OR_ANALYSIS_ONLY
audited_base,generic_science,9f66c8d7a5a266687284d8da35aefbc6062808f7,1316cc89dbabfb41cb883b0d4a4c74738cc2bef6,A,results/long_time_kinetics_900K_anisotropic_20260910/20260911T013122Z-mathematical-qualification/evidence/manufactured/manufactured.json,REPORT_OR_ANALYSIS_ONLY
audited_base,generic_science,9f66c8d7a5a266687284d8da35aefbc6062808f7,1316cc89dbabfb41cb883b0d4a4c74738cc2bef6,A,results/long_time_kinetics_900K_anisotropic_20260910/20260911T013122Z-mathematical-qualification/evidence/manufactured_exit_code.txt,REPORT_OR_ANALYSIS_ONLY
audited_base,generic_science,9f66c8d7a5a266687284d8da35aefbc6062808f7,1316cc89dbabfb41cb883b0d4a4c74738cc2bef6,A,results/long_time_kinetics_900K_anisotropic_20260910/20260911T013122Z-mathematical-qualification/evidence/numpy-build.txt,REPORT_OR_ANALYSIS_ONLY
audited_base,generic_science,9f66c8d7a5a266687284d8da35aefbc6062808f7,1316cc89dbabfb41cb883b0d4a4c74738cc2bef6,A,results/long_time_kinetics_900K_anisotropic_20260910/20260911T013122Z-mathematical-qualification/evidence/pip-freeze.txt,REPORT_OR_ANALYSIS_ONLY
audited_base,generic_science,9f66c8d7a5a266687284d8da35aefbc6062808f7,1316cc89dbabfb41cb883b0d4a4c74738cc2bef6,A,results/long_time_kinetics_900K_anisotropic_20260910/20260911T013122Z-mathematical-qualification/evidence/report_anisotropic_qualification.py,REPORT_OR_ANALYSIS_ONLY
audited_base,generic_science,9f66c8d7a5a266687284d8da35aefbc6062808f7,1316cc89dbabfb41cb883b0d4a4c74738cc2bef6,A,results/long_time_kinetics_900K_anisotropic_20260910/20260911T013122Z-mathematical-qualification/evidence/runtime-libraries.txt,REPORT_OR_ANALYSIS_ONLY
audited_base,generic_science,9f66c8d7a5a266687284d8da35aefbc6062808f7,1316cc89dbabfb41cb883b0d4a4c74738cc2bef6,A,results/long_time_kinetics_900K_anisotropic_20260910/20260911T013122Z-mathematical-qualification/evidence/source_commit.txt,REPORT_OR_ANALYSIS_ONLY
audited_base,generic_science,9f66c8d7a5a266687284d8da35aefbc6062808f7,1316cc89dbabfb41cb883b0d4a4c74738cc2bef6,A,results/long_time_kinetics_900K_anisotropic_20260910/20260911T013122Z-mathematical-qualification/evidence/test_exit_code.txt,REPORT_OR_ANALYSIS_ONLY
audited_base,generic_science,9f66c8d7a5a266687284d8da35aefbc6062808f7,1316cc89dbabfb41cb883b0d4a4c74738cc2bef6,A,results/long_time_kinetics_900K_anisotropic_20260910/20260911T013122Z-mathematical-qualification/evidence/tests.log,REPORT_OR_ANALYSIS_ONLY
audited_base,generic_science,9f66c8d7a5a266687284d8da35aefbc6062808f7,1316cc89dbabfb41cb883b0d4a4c74738cc2bef6,A,results/long_time_kinetics_900K_anisotropic_20260910/20260911T013122Z-mathematical-qualification/evidence/tests.xml,REPORT_OR_ANALYSIS_ONLY
audited_base,generic_science,9f66c8d7a5a266687284d8da35aefbc6062808f7,1316cc89dbabfb41cb883b0d4a4c74738cc2bef6,A,results/long_time_kinetics_900K_anisotropic_20260910/20260911T013122Z-mathematical-qualification/figure_manifest.json,REPORT_OR_ANALYSIS_ONLY
audited_base,generic_science,9f66c8d7a5a266687284d8da35aefbc6062808f7,1316cc89dbabfb41cb883b0d4a4c74738cc2bef6,A,results/long_time_kinetics_900K_anisotropic_20260910/20260911T013122Z-mathematical-qualification/initial_network_normalization.json,REPORT_OR_ANALYSIS_ONLY
audited_base,generic_science,9f66c8d7a5a266687284d8da35aefbc6062808f7,1316cc89dbabfb41cb883b0d4a4c74738cc2bef6,A,results/long_time_kinetics_900K_anisotropic_20260910/20260911T013122Z-mathematical-qualification/isotropic_anisotropic_comparison.csv,REPORT_OR_ANALYSIS_ONLY
audited_base,generic_science,9f66c8d7a5a266687284d8da35aefbc6062808f7,1316cc89dbabfb41cb883b0d4a4c74738cc2bef6,A,results/long_time_kinetics_900K_anisotropic_20260910/20260911T013122Z-mathematical-qualification/movie_index.csv,REPORT_OR_ANALYSIS_ONLY
audited_base,generic_science,9f66c8d7a5a266687284d8da35aefbc6062808f7,1316cc89dbabfb41cb883b0d4a4c74738cc2bef6,A,results/long_time_kinetics_900K_anisotropic_20260910/20260911T013122Z-mathematical-qualification/qualification_decision.json,REPORT_OR_ANALYSIS_ONLY
audited_base,generic_science,9f66c8d7a5a266687284d8da35aefbc6062808f7,1316cc89dbabfb41cb883b0d4a4c74738cc2bef6,A,results/long_time_kinetics_900K_anisotropic_20260910/20260911T013122Z-mathematical-qualification/report_provenance.json,REPORT_OR_ANALYSIS_ONLY
audited_base,generic_science,9f66c8d7a5a266687284d8da35aefbc6062808f7,1316cc89dbabfb41cb883b0d4a4c74738cc2bef6,A,results/long_time_kinetics_900K_anisotropic_20260910/20260911T013122Z-mathematical-qualification/run_matrix.csv,REPORT_OR_ANALYSIS_ONLY
audited_base,generic_science,9f66c8d7a5a266687284d8da35aefbc6062808f7,1316cc89dbabfb41cb883b0d4a4c74738cc2bef6,A,results/long_time_kinetics_900K_anisotropic_20260910/20260911T013122Z-mathematical-qualification/sharp_network_timestep.png,REPORT_OR_ANALYSIS_ONLY
audited_base,generic_science,9f66c8d7a5a266687284d8da35aefbc6062808f7,1316cc89dbabfb41cb883b0d4a4c74738cc2bef6,A,results/long_time_kinetics_900K_anisotropic_20260910/20260911T013122Z-mathematical-qualification/sharp_network_timestep_evidence.json,REPORT_OR_ANALYSIS_ONLY
audited_base,generic_science,9f66c8d7a5a266687284d8da35aefbc6062808f7,1316cc89dbabfb41cb883b0d4a4c74738cc2bef6,A,results/long_time_kinetics_900K_anisotropic_20260910/20260912T001247Z-pf-tj-gate-failed/evidence/tj-dt-refinement.json,REPORT_OR_ANALYSIS_ONLY
audited_base,generic_science,9f66c8d7a5a266687284d8da35aefbc6062808f7,1316cc89dbabfb41cb883b0d4a4c74738cc2bef6,A,results/long_time_kinetics_900K_anisotropic_20260910/20260912T001247Z-pf-tj-gate-failed/qualification_decision.json,REPORT_OR_ANALYSIS_ONLY
audited_base,generic_science,9f66c8d7a5a266687284d8da35aefbc6062808f7,1316cc89dbabfb41cb883b0d4a4c74738cc2bef6,A,scripts/diagnose_anisotropic_first_transition.py,GENERIC_ANISOTROPY_CORE
audited_base,generic_science,9f66c8d7a5a266687284d8da35aefbc6062808f7,1316cc89dbabfb41cb883b0d4a4c74738cc2bef6,A,scripts/diagnose_anisotropic_tj_dt.py,GENERIC_ANISOTROPY_CORE
audited_base,generic_science,9f66c8d7a5a266687284d8da35aefbc6062808f7,1316cc89dbabfb41cb883b0d4a4c74738cc2bef6,A,scripts/qualify_anisotropic_geometry.py,GENERIC_ANISOTROPY_CORE
audited_base,generic_science,9f66c8d7a5a266687284d8da35aefbc6062808f7,1316cc89dbabfb41cb883b0d4a4c74738cc2bef6,A,scripts/qualify_anisotropic_manufactured.py,GENERIC_ANISOTROPY_CORE
audited_base,generic_science,9f66c8d7a5a266687284d8da35aefbc6062808f7,1316cc89dbabfb41cb883b0d4a4c74738cc2bef6,A,scripts/qualify_anisotropic_pf.py,GENERIC_ANISOTROPY_CORE
audited_base,generic_science,9f66c8d7a5a266687284d8da35aefbc6062808f7,1316cc89dbabfb41cb883b0d4a4c74738cc2bef6,A,scripts/qualify_anisotropic_postfix.py,GENERIC_ANISOTROPY_CORE
audited_base,generic_science,9f66c8d7a5a266687284d8da35aefbc6062808f7,1316cc89dbabfb41cb883b0d4a4c74738cc2bef6,A,scripts/report_anisotropic_qualification.py,GENERIC_ANISOTROPY_CORE
audited_base,generic_science,9f66c8d7a5a266687284d8da35aefbc6062808f7,1316cc89dbabfb41cb883b0d4a4c74738cc2bef6,A,scripts/run_anisotropic_reduced_pilot.py,GENERIC_ANISOTROPY_CORE
audited_base,generic_science,9f66c8d7a5a266687284d8da35aefbc6062808f7,1316cc89dbabfb41cb883b0d4a4c74738cc2bef6,A,scripts/sync_anisotropic_ledger.py,GENERIC_ANISOTROPY_CORE
audited_base,generic_science,9f66c8d7a5a266687284d8da35aefbc6062808f7,1316cc89dbabfb41cb883b0d4a4c74738cc2bef6,M,src/grain_growth_pf/config.py,SUPERSEDED
audited_base,generic_science,9f66c8d7a5a266687284d8da35aefbc6062808f7,1316cc89dbabfb41cb883b0d4a4c74738cc2bef6,A,src/grain_growth_pf/entities/conforming_network.py,SUPERSEDED
audited_base,generic_science,9f66c8d7a5a266687284d8da35aefbc6062808f7,1316cc89dbabfb41cb883b0d4a4c74738cc2bef6,A,src/grain_growth_pf/entities/ordered_network.py,SUPERSEDED
audited_base,generic_science,9f66c8d7a5a266687284d8da35aefbc6062808f7,1316cc89dbabfb41cb883b0d4a4c74738cc2bef6,A,src/grain_growth_pf/mechanics/anisotropy.py,GENERIC_ANISOTROPY_CORE
audited_base,generic_science,9f66c8d7a5a266687284d8da35aefbc6062808f7,1316cc89dbabfb41cb883b0d4a4c74738cc2bef6,A,src/grain_growth_pf/mechanics/cahn_hoffman.py,SUPERSEDED
audited_base,generic_science,9f66c8d7a5a266687284d8da35aefbc6062808f7,1316cc89dbabfb41cb883b0d4a4c74738cc2bef6,A,src/grain_growth_pf/mechanics/network_pullback.py,SUPERSEDED
audited_base,generic_science,9f66c8d7a5a266687284d8da35aefbc6062808f7,1316cc89dbabfb41cb883b0d4a4c74738cc2bef6,M,src/grain_growth_pf/migration_closure.py,SUPERSEDED
audited_base,generic_science,9f66c8d7a5a266687284d8da35aefbc6062808f7,1316cc89dbabfb41cb883b0d4a4c74738cc2bef6,A,src/grain_growth_pf/pf/anisotropic.py,GENERIC_ANISOTROPY_CORE
audited_base,generic_science,9f66c8d7a5a266687284d8da35aefbc6062808f7,1316cc89dbabfb41cb883b0d4a4c74738cc2bef6,M,src/grain_growth_pf/pf/solver.py,GENERIC_ANISOTROPY_CORE
audited_base,generic_science,9f66c8d7a5a266687284d8da35aefbc6062808f7,1316cc89dbabfb41cb883b0d4a4c74738cc2bef6,M,src/grain_growth_pf/simulation.py,SUPERSEDED
audited_base,generic_science,9f66c8d7a5a266687284d8da35aefbc6062808f7,1316cc89dbabfb41cb883b0d4a4c74738cc2bef6,M,tests/integration/test_area_loss_climb_integration.py,SUPERSEDED
audited_base,generic_science,9f66c8d7a5a266687284d8da35aefbc6062808f7,1316cc89dbabfb41cb883b0d4a4c74738cc2bef6,M,tests/integration/test_simulation.py,SUPERSEDED
audited_base,generic_science,9f66c8d7a5a266687284d8da35aefbc6062808f7,1316cc89dbabfb41cb883b0d4a4c74738cc2bef6,A,tests/pf/test_anisotropic_operator.py,GENERIC_ANISOTROPY_CORE
audited_base,generic_science,9f66c8d7a5a266687284d8da35aefbc6062808f7,1316cc89dbabfb41cb883b0d4a4c74738cc2bef6,A,tests/unit/test_anisotropic_pullback.py,GENERIC_ANISOTROPY_CORE
audited_base,generic_science,9f66c8d7a5a266687284d8da35aefbc6062808f7,1316cc89dbabfb41cb883b0d4a4c74738cc2bef6,A,tests/unit/test_anisotropic_variation.py,GENERIC_ANISOTROPY_CORE
generic_science,postfix_recovery,1316cc89dbabfb41cb883b0d4a4c74738cc2bef6,88fd5dddd3fc425d0b920373cd3698080a3e7452,M,docs/ANISOTROPIC_PHASE1_HANDOFF.md,REPORT_OR_ANALYSIS_ONLY
generic_science,postfix_recovery,1316cc89dbabfb41cb883b0d4a4c74738cc2bef6,88fd5dddd3fc425d0b920373cd3698080a3e7452,A,docs/anisotropic_phase1_postfix_recovery_report.md,REPORT_OR_ANALYSIS_ONLY
generic_science,postfix_recovery,1316cc89dbabfb41cb883b0d4a4c74738cc2bef6,88fd5dddd3fc425d0b920373cd3698080a3e7452,A,docs/anisotropic_phase1_postsimulation_analysis.md,REPORT_OR_ANALYSIS_ONLY
generic_science,postfix_recovery,1316cc89dbabfb41cb883b0d4a4c74738cc2bef6,88fd5dddd3fc425d0b920373cd3698080a3e7452,M,docs/anisotropic_phase1_status.md,REPORT_OR_ANALYSIS_ONLY
generic_science,postfix_recovery,1316cc89dbabfb41cb883b0d4a4c74738cc2bef6,88fd5dddd3fc425d0b920373cd3698080a3e7452,A,results/long_time_kinetics_900K_anisotropic_20260910/20260915T082458Z-postfix-recovery-analysis/README.md,REPORT_OR_ANALYSIS_ONLY
generic_science,postfix_recovery,1316cc89dbabfb41cb883b0d4a4c74738cc2bef6,88fd5dddd3fc425d0b920373cd3698080a3e7452,A,results/long_time_kinetics_900K_anisotropic_20260910/20260915T082458Z-postfix-recovery-analysis/amplitude_support.csv,REPORT_OR_ANALYSIS_ONLY
generic_science,postfix_recovery,1316cc89dbabfb41cb883b0d4a4c74738cc2bef6,88fd5dddd3fc425d0b920373cd3698080a3e7452,A,results/long_time_kinetics_900K_anisotropic_20260910/20260915T082458Z-postfix-recovery-analysis/amplitude_support.pdf,REPORT_OR_ANALYSIS_ONLY
generic_science,postfix_recovery,1316cc89dbabfb41cb883b0d4a4c74738cc2bef6,88fd5dddd3fc425d0b920373cd3698080a3e7452,A,results/long_time_kinetics_900K_anisotropic_20260910/20260915T082458Z-postfix-recovery-analysis/amplitude_support.png,REPORT_OR_ANALYSIS_ONLY
generic_science,postfix_recovery,1316cc89dbabfb41cb883b0d4a4c74738cc2bef6,88fd5dddd3fc425d0b920373cd3698080a3e7452,A,results/long_time_kinetics_900K_anisotropic_20260910/20260915T082458Z-postfix-recovery-analysis/analysis_summary.json,REPORT_OR_ANALYSIS_ONLY
generic_science,postfix_recovery,1316cc89dbabfb41cb883b0d4a4c74738cc2bef6,88fd5dddd3fc425d0b920373cd3698080a3e7452,A,results/long_time_kinetics_900K_anisotropic_20260910/20260915T082458Z-postfix-recovery-analysis/artifact_manifest.json,REPORT_OR_ANALYSIS_ONLY
generic_science,postfix_recovery,1316cc89dbabfb41cb883b0d4a4c74738cc2bef6,88fd5dddd3fc425d0b920373cd3698080a3e7452,A,results/long_time_kinetics_900K_anisotropic_20260910/20260915T082458Z-postfix-recovery-analysis/convergence_morphology.pdf,REPORT_OR_ANALYSIS_ONLY
generic_science,postfix_recovery,1316cc89dbabfb41cb883b0d4a4c74738cc2bef6,88fd5dddd3fc425d0b920373cd3698080a3e7452,A,results/long_time_kinetics_900K_anisotropic_20260910/20260915T082458Z-postfix-recovery-analysis/convergence_morphology.png,REPORT_OR_ANALYSIS_ONLY
generic_science,postfix_recovery,1316cc89dbabfb41cb883b0d4a4c74738cc2bef6,88fd5dddd3fc425d0b920373cd3698080a3e7452,A,results/long_time_kinetics_900K_anisotropic_20260910/20260915T082458Z-postfix-recovery-analysis/energy_evolution.pdf,REPORT_OR_ANALYSIS_ONLY
generic_science,postfix_recovery,1316cc89dbabfb41cb883b0d4a4c74738cc2bef6,88fd5dddd3fc425d0b920373cd3698080a3e7452,A,results/long_time_kinetics_900K_anisotropic_20260910/20260915T082458Z-postfix-recovery-analysis/energy_evolution.png,REPORT_OR_ANALYSIS_ONLY
generic_science,postfix_recovery,1316cc89dbabfb41cb883b0d4a4c74738cc2bef6,88fd5dddd3fc425d0b920373cd3698080a3e7452,A,results/long_time_kinetics_900K_anisotropic_20260910/20260915T082458Z-postfix-recovery-analysis/energy_history.csv,REPORT_OR_ANALYSIS_ONLY
generic_science,postfix_recovery,1316cc89dbabfb41cb883b0d4a4c74738cc2bef6,88fd5dddd3fc425d0b920373cd3698080a3e7452,A,results/long_time_kinetics_900K_anisotropic_20260910/20260915T082458Z-postfix-recovery-analysis/energy_increments.csv,REPORT_OR_ANALYSIS_ONLY
generic_science,postfix_recovery,1316cc89dbabfb41cb883b0d4a4c74738cc2bef6,88fd5dddd3fc425d0b920373cd3698080a3e7452,A,results/long_time_kinetics_900K_anisotropic_20260910/20260915T082458Z-postfix-recovery-analysis/grain_area_statistics.pdf,REPORT_OR_ANALYSIS_ONLY
generic_science,postfix_recovery,1316cc89dbabfb41cb883b0d4a4c74738cc2bef6,88fd5dddd3fc425d0b920373cd3698080a3e7452,A,results/long_time_kinetics_900K_anisotropic_20260910/20260915T082458Z-postfix-recovery-analysis/grain_area_statistics.png,REPORT_OR_ANALYSIS_ONLY
generic_science,postfix_recovery,1316cc89dbabfb41cb883b0d4a4c74738cc2bef6,88fd5dddd3fc425d0b920373cd3698080a3e7452,A,results/long_time_kinetics_900K_anisotropic_20260910/20260915T082458Z-postfix-recovery-analysis/interface_orientation.csv,REPORT_OR_ANALYSIS_ONLY
generic_science,postfix_recovery,1316cc89dbabfb41cb883b0d4a4c74738cc2bef6,88fd5dddd3fc425d0b920373cd3698080a3e7452,A,results/long_time_kinetics_900K_anisotropic_20260910/20260915T082458Z-postfix-recovery-analysis/interface_orientation.pdf,REPORT_OR_ANALYSIS_ONLY
generic_science,postfix_recovery,1316cc89dbabfb41cb883b0d4a4c74738cc2bef6,88fd5dddd3fc425d0b920373cd3698080a3e7452,A,results/long_time_kinetics_900K_anisotropic_20260910/20260915T082458Z-postfix-recovery-analysis/interface_orientation.png,REPORT_OR_ANALYSIS_ONLY
generic_science,postfix_recovery,1316cc89dbabfb41cb883b0d4a4c74738cc2bef6,88fd5dddd3fc425d0b920373cd3698080a3e7452,A,results/long_time_kinetics_900K_anisotropic_20260910/20260915T082458Z-postfix-recovery-analysis/microstructure_fields.pdf,REPORT_OR_ANALYSIS_ONLY
generic_science,postfix_recovery,1316cc89dbabfb41cb883b0d4a4c74738cc2bef6,88fd5dddd3fc425d0b920373cd3698080a3e7452,A,results/long_time_kinetics_900K_anisotropic_20260910/20260915T082458Z-postfix-recovery-analysis/microstructure_fields.png,REPORT_OR_ANALYSIS_ONLY
generic_science,postfix_recovery,1316cc89dbabfb41cb883b0d4a4c74738cc2bef6,88fd5dddd3fc425d0b920373cd3698080a3e7452,A,results/long_time_kinetics_900K_anisotropic_20260910/20260915T082458Z-postfix-recovery-analysis/morphology_summary.csv,REPORT_OR_ANALYSIS_ONLY
generic_science,postfix_recovery,1316cc89dbabfb41cb883b0d4a4c74738cc2bef6,88fd5dddd3fc425d0b920373cd3698080a3e7452,A,results/long_time_kinetics_900K_anisotropic_20260910/20260915T082458Z-postfix-recovery-analysis/provenance.json,REPORT_OR_ANALYSIS_ONLY
generic_science,postfix_recovery,1316cc89dbabfb41cb883b0d4a4c74738cc2bef6,88fd5dddd3fc425d0b920373cd3698080a3e7452,A,results/long_time_kinetics_900K_anisotropic_20260910/20260915T082458Z-postfix-recovery-analysis/runtime_scaling.pdf,REPORT_OR_ANALYSIS_ONLY
generic_science,postfix_recovery,1316cc89dbabfb41cb883b0d4a4c74738cc2bef6,88fd5dddd3fc425d0b920373cd3698080a3e7452,A,results/long_time_kinetics_900K_anisotropic_20260910/20260915T082458Z-postfix-recovery-analysis/runtime_scaling.png,REPORT_OR_ANALYSIS_ONLY
generic_science,postfix_recovery,1316cc89dbabfb41cb883b0d4a4c74738cc2bef6,88fd5dddd3fc425d0b920373cd3698080a3e7452,A,results/long_time_kinetics_900K_anisotropic_20260910/20260915T082458Z-postfix-recovery-analysis/support_growth.pdf,REPORT_OR_ANALYSIS_ONLY
generic_science,postfix_recovery,1316cc89dbabfb41cb883b0d4a4c74738cc2bef6,88fd5dddd3fc425d0b920373cd3698080a3e7452,A,results/long_time_kinetics_900K_anisotropic_20260910/20260915T082458Z-postfix-recovery-analysis/support_growth.png,REPORT_OR_ANALYSIS_ONLY
generic_science,postfix_recovery,1316cc89dbabfb41cb883b0d4a4c74738cc2bef6,88fd5dddd3fc425d0b920373cd3698080a3e7452,A,results/long_time_kinetics_900K_anisotropic_20260910/20260915T082458Z-postfix-recovery-analysis/support_history.csv,REPORT_OR_ANALYSIS_ONLY
generic_science,postfix_recovery,1316cc89dbabfb41cb883b0d4a4c74738cc2bef6,88fd5dddd3fc425d0b920373cd3698080a3e7452,A,results/long_time_kinetics_900K_anisotropic_20260910/20260915T082458Z-postfix-recovery-analysis/timing_blocks.csv,REPORT_OR_ANALYSIS_ONLY
generic_science,postfix_recovery,1316cc89dbabfb41cb883b0d4a4c74738cc2bef6,88fd5dddd3fc425d0b920373cd3698080a3e7452,A,scripts/analyze_anisotropic_postfix.py,GENERIC_ANISOTROPY_CORE
generic_science,postfix_recovery,1316cc89dbabfb41cb883b0d4a4c74738cc2bef6,88fd5dddd3fc425d0b920373cd3698080a3e7452,A,scripts/recover_anisotropic_postfix.py,GENERIC_ANISOTROPY_CORE
generic_science,postfix_recovery,1316cc89dbabfb41cb883b0d4a4c74738cc2bef6,88fd5dddd3fc425d0b920373cd3698080a3e7452,M,src/grain_growth_pf/io/checkpoints.py,SUPERSEDED
generic_science,postfix_recovery,1316cc89dbabfb41cb883b0d4a4c74738cc2bef6,88fd5dddd3fc425d0b920373cd3698080a3e7452,A,tests/unit/test_postfix_recovery_io.py,SUPERSEDED
postfix_recovery,qiu_si_port,88fd5dddd3fc425d0b920373cd3698080a3e7452,97e6a9d602792cd2642d35d64396c7513e1a6d4c,A,configs/production/qiu_si_4ref_controls.json,QIU_SI_SPECIFIC
postfix_recovery,qiu_si_port,88fd5dddd3fc425d0b920373cd3698080a3e7452,97e6a9d602792cd2642d35d64396c7513e1a6d4c,M,docs/ANISOTROPIC_PHASE1_HANDOFF.md,REPORT_OR_ANALYSIS_ONLY
postfix_recovery,qiu_si_port,88fd5dddd3fc425d0b920373cd3698080a3e7452,97e6a9d602792cd2642d35d64396c7513e1a6d4c,M,docs/anisotropic_pf_operator.md,REPORT_OR_ANALYSIS_ONLY
postfix_recovery,qiu_si_port,88fd5dddd3fc425d0b920373cd3698080a3e7452,97e6a9d602792cd2642d35d64396c7513e1a6d4c,D,docs/anisotropic_phase1_postfix_recovery_report.md,REPORT_OR_ANALYSIS_ONLY
postfix_recovery,qiu_si_port,88fd5dddd3fc425d0b920373cd3698080a3e7452,97e6a9d602792cd2642d35d64396c7513e1a6d4c,D,docs/anisotropic_phase1_postsimulation_analysis.md,REPORT_OR_ANALYSIS_ONLY
postfix_recovery,qiu_si_port,88fd5dddd3fc425d0b920373cd3698080a3e7452,97e6a9d602792cd2642d35d64396c7513e1a6d4c,M,docs/anisotropic_phase1_status.md,REPORT_OR_ANALYSIS_ONLY
postfix_recovery,qiu_si_port,88fd5dddd3fc425d0b920373cd3698080a3e7452,97e6a9d602792cd2642d35d64396c7513e1a6d4c,A,docs/qiu_si_native_vs_anisotropic_report.md,REPORT_OR_ANALYSIS_ONLY
postfix_recovery,qiu_si_port,88fd5dddd3fc425d0b920373cd3698080a3e7452,97e6a9d602792cd2642d35d64396c7513e1a6d4c,A,docs/qiu_si_reference_anisotropy_plan.md,REPORT_OR_ANALYSIS_ONLY
postfix_recovery,qiu_si_port,88fd5dddd3fc425d0b920373cd3698080a3e7452,97e6a9d602792cd2642d35d64396c7513e1a6d4c,D,results/long_time_kinetics_900K_anisotropic_20260910/20260915T082458Z-postfix-recovery-analysis/README.md,REPORT_OR_ANALYSIS_ONLY
postfix_recovery,qiu_si_port,88fd5dddd3fc425d0b920373cd3698080a3e7452,97e6a9d602792cd2642d35d64396c7513e1a6d4c,D,results/long_time_kinetics_900K_anisotropic_20260910/20260915T082458Z-postfix-recovery-analysis/amplitude_support.csv,REPORT_OR_ANALYSIS_ONLY
postfix_recovery,qiu_si_port,88fd5dddd3fc425d0b920373cd3698080a3e7452,97e6a9d602792cd2642d35d64396c7513e1a6d4c,D,results/long_time_kinetics_900K_anisotropic_20260910/20260915T082458Z-postfix-recovery-analysis/amplitude_support.pdf,REPORT_OR_ANALYSIS_ONLY
postfix_recovery,qiu_si_port,88fd5dddd3fc425d0b920373cd3698080a3e7452,97e6a9d602792cd2642d35d64396c7513e1a6d4c,D,results/long_time_kinetics_900K_anisotropic_20260910/20260915T082458Z-postfix-recovery-analysis/amplitude_support.png,REPORT_OR_ANALYSIS_ONLY
postfix_recovery,qiu_si_port,88fd5dddd3fc425d0b920373cd3698080a3e7452,97e6a9d602792cd2642d35d64396c7513e1a6d4c,D,results/long_time_kinetics_900K_anisotropic_20260910/20260915T082458Z-postfix-recovery-analysis/analysis_summary.json,REPORT_OR_ANALYSIS_ONLY
postfix_recovery,qiu_si_port,88fd5dddd3fc425d0b920373cd3698080a3e7452,97e6a9d602792cd2642d35d64396c7513e1a6d4c,D,results/long_time_kinetics_900K_anisotropic_20260910/20260915T082458Z-postfix-recovery-analysis/artifact_manifest.json,REPORT_OR_ANALYSIS_ONLY
postfix_recovery,qiu_si_port,88fd5dddd3fc425d0b920373cd3698080a3e7452,97e6a9d602792cd2642d35d64396c7513e1a6d4c,D,results/long_time_kinetics_900K_anisotropic_20260910/20260915T082458Z-postfix-recovery-analysis/convergence_morphology.pdf,REPORT_OR_ANALYSIS_ONLY
postfix_recovery,qiu_si_port,88fd5dddd3fc425d0b920373cd3698080a3e7452,97e6a9d602792cd2642d35d64396c7513e1a6d4c,D,results/long_time_kinetics_900K_anisotropic_20260910/20260915T082458Z-postfix-recovery-analysis/convergence_morphology.png,REPORT_OR_ANALYSIS_ONLY
postfix_recovery,qiu_si_port,88fd5dddd3fc425d0b920373cd3698080a3e7452,97e6a9d602792cd2642d35d64396c7513e1a6d4c,D,results/long_time_kinetics_900K_anisotropic_20260910/20260915T082458Z-postfix-recovery-analysis/energy_evolution.pdf,REPORT_OR_ANALYSIS_ONLY
postfix_recovery,qiu_si_port,88fd5dddd3fc425d0b920373cd3698080a3e7452,97e6a9d602792cd2642d35d64396c7513e1a6d4c,D,results/long_time_kinetics_900K_anisotropic_20260910/20260915T082458Z-postfix-recovery-analysis/energy_evolution.png,REPORT_OR_ANALYSIS_ONLY
postfix_recovery,qiu_si_port,88fd5dddd3fc425d0b920373cd3698080a3e7452,97e6a9d602792cd2642d35d64396c7513e1a6d4c,D,results/long_time_kinetics_900K_anisotropic_20260910/20260915T082458Z-postfix-recovery-analysis/energy_history.csv,REPORT_OR_ANALYSIS_ONLY
postfix_recovery,qiu_si_port,88fd5dddd3fc425d0b920373cd3698080a3e7452,97e6a9d602792cd2642d35d64396c7513e1a6d4c,D,results/long_time_kinetics_900K_anisotropic_20260910/20260915T082458Z-postfix-recovery-analysis/energy_increments.csv,REPORT_OR_ANALYSIS_ONLY
postfix_recovery,qiu_si_port,88fd5dddd3fc425d0b920373cd3698080a3e7452,97e6a9d602792cd2642d35d64396c7513e1a6d4c,D,results/long_time_kinetics_900K_anisotropic_20260910/20260915T082458Z-postfix-recovery-analysis/grain_area_statistics.pdf,REPORT_OR_ANALYSIS_ONLY
postfix_recovery,qiu_si_port,88fd5dddd3fc425d0b920373cd3698080a3e7452,97e6a9d602792cd2642d35d64396c7513e1a6d4c,D,results/long_time_kinetics_900K_anisotropic_20260910/20260915T082458Z-postfix-recovery-analysis/grain_area_statistics.png,REPORT_OR_ANALYSIS_ONLY
postfix_recovery,qiu_si_port,88fd5dddd3fc425d0b920373cd3698080a3e7452,97e6a9d602792cd2642d35d64396c7513e1a6d4c,D,results/long_time_kinetics_900K_anisotropic_20260910/20260915T082458Z-postfix-recovery-analysis/interface_orientation.csv,REPORT_OR_ANALYSIS_ONLY
postfix_recovery,qiu_si_port,88fd5dddd3fc425d0b920373cd3698080a3e7452,97e6a9d602792cd2642d35d64396c7513e1a6d4c,D,results/long_time_kinetics_900K_anisotropic_20260910/20260915T082458Z-postfix-recovery-analysis/interface_orientation.pdf,REPORT_OR_ANALYSIS_ONLY
postfix_recovery,qiu_si_port,88fd5dddd3fc425d0b920373cd3698080a3e7452,97e6a9d602792cd2642d35d64396c7513e1a6d4c,D,results/long_time_kinetics_900K_anisotropic_20260910/20260915T082458Z-postfix-recovery-analysis/interface_orientation.png,REPORT_OR_ANALYSIS_ONLY
postfix_recovery,qiu_si_port,88fd5dddd3fc425d0b920373cd3698080a3e7452,97e6a9d602792cd2642d35d64396c7513e1a6d4c,D,results/long_time_kinetics_900K_anisotropic_20260910/20260915T082458Z-postfix-recovery-analysis/microstructure_fields.pdf,REPORT_OR_ANALYSIS_ONLY
postfix_recovery,qiu_si_port,88fd5dddd3fc425d0b920373cd3698080a3e7452,97e6a9d602792cd2642d35d64396c7513e1a6d4c,D,results/long_time_kinetics_900K_anisotropic_20260910/20260915T082458Z-postfix-recovery-analysis/microstructure_fields.png,REPORT_OR_ANALYSIS_ONLY
postfix_recovery,qiu_si_port,88fd5dddd3fc425d0b920373cd3698080a3e7452,97e6a9d602792cd2642d35d64396c7513e1a6d4c,D,results/long_time_kinetics_900K_anisotropic_20260910/20260915T082458Z-postfix-recovery-analysis/morphology_summary.csv,REPORT_OR_ANALYSIS_ONLY
postfix_recovery,qiu_si_port,88fd5dddd3fc425d0b920373cd3698080a3e7452,97e6a9d602792cd2642d35d64396c7513e1a6d4c,D,results/long_time_kinetics_900K_anisotropic_20260910/20260915T082458Z-postfix-recovery-analysis/provenance.json,REPORT_OR_ANALYSIS_ONLY
postfix_recovery,qiu_si_port,88fd5dddd3fc425d0b920373cd3698080a3e7452,97e6a9d602792cd2642d35d64396c7513e1a6d4c,D,results/long_time_kinetics_900K_anisotropic_20260910/20260915T082458Z-postfix-recovery-analysis/runtime_scaling.pdf,REPORT_OR_ANALYSIS_ONLY
postfix_recovery,qiu_si_port,88fd5dddd3fc425d0b920373cd3698080a3e7452,97e6a9d602792cd2642d35d64396c7513e1a6d4c,D,results/long_time_kinetics_900K_anisotropic_20260910/20260915T082458Z-postfix-recovery-analysis/runtime_scaling.png,REPORT_OR_ANALYSIS_ONLY
postfix_recovery,qiu_si_port,88fd5dddd3fc425d0b920373cd3698080a3e7452,97e6a9d602792cd2642d35d64396c7513e1a6d4c,D,results/long_time_kinetics_900K_anisotropic_20260910/20260915T082458Z-postfix-recovery-analysis/support_growth.pdf,REPORT_OR_ANALYSIS_ONLY
postfix_recovery,qiu_si_port,88fd5dddd3fc425d0b920373cd3698080a3e7452,97e6a9d602792cd2642d35d64396c7513e1a6d4c,D,results/long_time_kinetics_900K_anisotropic_20260910/20260915T082458Z-postfix-recovery-analysis/support_growth.png,REPORT_OR_ANALYSIS_ONLY
postfix_recovery,qiu_si_port,88fd5dddd3fc425d0b920373cd3698080a3e7452,97e6a9d602792cd2642d35d64396c7513e1a6d4c,D,results/long_time_kinetics_900K_anisotropic_20260910/20260915T082458Z-postfix-recovery-analysis/support_history.csv,REPORT_OR_ANALYSIS_ONLY
postfix_recovery,qiu_si_port,88fd5dddd3fc425d0b920373cd3698080a3e7452,97e6a9d602792cd2642d35d64396c7513e1a6d4c,D,results/long_time_kinetics_900K_anisotropic_20260910/20260915T082458Z-postfix-recovery-analysis/timing_blocks.csv,REPORT_OR_ANALYSIS_ONLY
postfix_recovery,qiu_si_port,88fd5dddd3fc425d0b920373cd3698080a3e7452,97e6a9d602792cd2642d35d64396c7513e1a6d4c,D,scripts/analyze_anisotropic_postfix.py,GENERIC_ANISOTROPY_CORE
postfix_recovery,qiu_si_port,88fd5dddd3fc425d0b920373cd3698080a3e7452,97e6a9d602792cd2642d35d64396c7513e1a6d4c,A,scripts/compare_qiu_si_matched_states.py,QIU_SI_SPECIFIC
postfix_recovery,qiu_si_port,88fd5dddd3fc425d0b920373cd3698080a3e7452,97e6a9d602792cd2642d35d64396c7513e1a6d4c,A,scripts/freeze_qiu_si_normalization.py,QIU_SI_SPECIFIC
postfix_recovery,qiu_si_port,88fd5dddd3fc425d0b920373cd3698080a3e7452,97e6a9d602792cd2642d35d64396c7513e1a6d4c,D,scripts/recover_anisotropic_postfix.py,GENERIC_ANISOTROPY_CORE
postfix_recovery,qiu_si_port,88fd5dddd3fc425d0b920373cd3698080a3e7452,97e6a9d602792cd2642d35d64396c7513e1a6d4c,M,src/grain_growth_pf/io/checkpoints.py,SUPERSEDED
postfix_recovery,qiu_si_port,88fd5dddd3fc425d0b920373cd3698080a3e7452,97e6a9d602792cd2642d35d64396c7513e1a6d4c,A,src/grain_growth_pf/pf/qiu_si.py,QIU_SI_SPECIFIC
postfix_recovery,qiu_si_port,88fd5dddd3fc425d0b920373cd3698080a3e7452,97e6a9d602792cd2642d35d64396c7513e1a6d4c,A,tests/pf/test_qiu_si_operator.py,QIU_SI_SPECIFIC
postfix_recovery,qiu_si_port,88fd5dddd3fc425d0b920373cd3698080a3e7452,97e6a9d602792cd2642d35d64396c7513e1a6d4c,D,tests/unit/test_postfix_recovery_io.py,SUPERSEDED
qiu_si_port,qiu_qualification,97e6a9d602792cd2642d35d64396c7513e1a6d4c,cef12338a7befed981052d16a87848c14c920365,M,.github/workflows/ci.yml,SUPERSEDED
qiu_si_port,qiu_qualification,97e6a9d602792cd2642d35d64396c7513e1a6d4c,cef12338a7befed981052d16a87848c14c920365,D,configs/production/anisotropic_phase1_preregistration.json,GENERIC_ANISOTROPY_CORE
qiu_si_port,qiu_qualification,97e6a9d602792cd2642d35d64396c7513e1a6d4c,cef12338a7befed981052d16a87848c14c920365,A,configs/production/fft_eigenstrain_v2_qualification_900K.yaml,FFT_SPECIFIC
qiu_si_port,qiu_qualification,97e6a9d602792cd2642d35d64396c7513e1a6d4c,cef12338a7befed981052d16a87848c14c920365,D,configs/production/qiu_si_4ref_controls.json,QIU_SI_SPECIFIC
qiu_si_port,qiu_qualification,97e6a9d602792cd2642d35d64396c7513e1a6d4c,cef12338a7befed981052d16a87848c14c920365,D,docs/ANISOTROPIC_PHASE1_HANDOFF.md,REPORT_OR_ANALYSIS_ONLY
qiu_si_port,qiu_qualification,97e6a9d602792cd2642d35d64396c7513e1a6d4c,cef12338a7befed981052d16a87848c14c920365,A,docs/QIU_FIX_HANDOFF.md,REPORT_OR_ANALYSIS_ONLY
qiu_si_port,qiu_qualification,97e6a9d602792cd2642d35d64396c7513e1a6d4c,cef12338a7befed981052d16a87848c14c920365,D,docs/anisotropic_cahn_hoffman_derivation.md,REPORT_OR_ANALYSIS_ONLY
qiu_si_port,qiu_qualification,97e6a9d602792cd2642d35d64396c7513e1a6d4c,cef12338a7befed981052d16a87848c14c920365,D,docs/anisotropic_hpc_execution_report.md,REPORT_OR_ANALYSIS_ONLY
qiu_si_port,qiu_qualification,97e6a9d602792cd2642d35d64396c7513e1a6d4c,cef12338a7befed981052d16a87848c14c920365,D,docs/anisotropic_pf_integration_audit.md,REPORT_OR_ANALYSIS_ONLY
qiu_si_port,qiu_qualification,97e6a9d602792cd2642d35d64396c7513e1a6d4c,cef12338a7befed981052d16a87848c14c920365,D,docs/anisotropic_pf_operator.md,REPORT_OR_ANALYSIS_ONLY
qiu_si_port,qiu_qualification,97e6a9d602792cd2642d35d64396c7513e1a6d4c,cef12338a7befed981052d16a87848c14c920365,D,docs/anisotropic_phase1_scientific_report.md,REPORT_OR_ANALYSIS_ONLY
qiu_si_port,qiu_qualification,97e6a9d602792cd2642d35d64396c7513e1a6d4c,cef12338a7befed981052d16a87848c14c920365,D,docs/anisotropic_phase1_status.md,REPORT_OR_ANALYSIS_ONLY
qiu_si_port,qiu_qualification,97e6a9d602792cd2642d35d64396c7513e1a6d4c,cef12338a7befed981052d16a87848c14c920365,D,docs/anisotropic_phase1_validation_report.md,REPORT_OR_ANALYSIS_ONLY
qiu_si_port,qiu_qualification,97e6a9d602792cd2642d35d64396c7513e1a6d4c,cef12338a7befed981052d16a87848c14c920365,D,docs/anisotropic_qiu_shared_core_review.md,REPORT_OR_ANALYSIS_ONLY
qiu_si_port,qiu_qualification,97e6a9d602792cd2642d35d64396c7513e1a6d4c,cef12338a7befed981052d16a87848c14c920365,M,docs/phase1_long_time_initial_audit_report_20260910.md,REPORT_OR_ANALYSIS_ONLY
qiu_si_port,qiu_qualification,97e6a9d602792cd2642d35d64396c7513e1a6d4c,cef12338a7befed981052d16a87848c14c920365,M,docs/physics_equations.md,REPORT_OR_ANALYSIS_ONLY
qiu_si_port,qiu_qualification,97e6a9d602792cd2642d35d64396c7513e1a6d4c,cef12338a7befed981052d16a87848c14c920365,M,docs/qiu_code_audit.md,REPORT_OR_ANALYSIS_ONLY
qiu_si_port,qiu_qualification,97e6a9d602792cd2642d35d64396c7513e1a6d4c,cef12338a7befed981052d16a87848c14c920365,A,docs/qiu_full_field_instability_forensic_report_20260910.md,REPORT_OR_ANALYSIS_ONLY
qiu_si_port,qiu_qualification,97e6a9d602792cd2642d35d64396c7513e1a6d4c,cef12338a7befed981052d16a87848c14c920365,A,docs/qiu_full_field_model_derivation.md,REPORT_OR_ANALYSIS_ONLY
qiu_si_port,qiu_qualification,97e6a9d602792cd2642d35d64396c7513e1a6d4c,cef12338a7befed981052d16a87848c14c920365,A,docs/qiu_full_field_phase0_baseline_audit_20260910.md,REPORT_OR_ANALYSIS_ONLY
qiu_si_port,qiu_qualification,97e6a9d602792cd2642d35d64396c7513e1a6d4c,cef12338a7befed981052d16a87848c14c920365,A,docs/qiu_full_field_qualification_status.md,REPORT_OR_ANALYSIS_ONLY
qiu_si_port,qiu_qualification,97e6a9d602792cd2642d35d64396c7513e1a6d4c,cef12338a7befed981052d16a87848c14c920365,D,docs/qiu_si_native_vs_anisotropic_report.md,REPORT_OR_ANALYSIS_ONLY
qiu_si_port,qiu_qualification,97e6a9d602792cd2642d35d64396c7513e1a6d4c,cef12338a7befed981052d16a87848c14c920365,D,docs/qiu_si_reference_anisotropy_plan.md,REPORT_OR_ANALYSIS_ONLY
qiu_si_port,qiu_qualification,97e6a9d602792cd2642d35d64396c7513e1a6d4c,cef12338a7befed981052d16a87848c14c920365,A,docs/qiu_si_reference_reproduction_status.md,REPORT_OR_ANALYSIS_ONLY
qiu_si_port,qiu_qualification,97e6a9d602792cd2642d35d64396c7513e1a6d4c,cef12338a7befed981052d16a87848c14c920365,M,docs/validation_status.md,REPORT_OR_ANALYSIS_ONLY
qiu_si_port,qiu_qualification,97e6a9d602792cd2642d35d64396c7513e1a6d4c,cef12338a7befed981052d16a87848c14c920365,D,results/long_time_kinetics_900K_anisotropic_20260910/20260911T010258Z-initial-network-time-unresolved/anisotropy_parameters.json,REPORT_OR_ANALYSIS_ONLY
qiu_si_port,qiu_qualification,97e6a9d602792cd2642d35d64396c7513e1a6d4c,cef12338a7befed981052d16a87848c14c920365,D,results/long_time_kinetics_900K_anisotropic_20260910/20260911T010258Z-initial-network-time-unresolved/checksum_manifest.json,REPORT_OR_ANALYSIS_ONLY
qiu_si_port,qiu_qualification,97e6a9d602792cd2642d35d64396c7513e1a6d4c,cef12338a7befed981052d16a87848c14c920365,D,results/long_time_kinetics_900K_anisotropic_20260910/20260911T010258Z-initial-network-time-unresolved/constitutive_distributions.csv,REPORT_OR_ANALYSIS_ONLY
qiu_si_port,qiu_qualification,97e6a9d602792cd2642d35d64396c7513e1a6d4c,cef12338a7befed981052d16a87848c14c920365,D,results/long_time_kinetics_900K_anisotropic_20260910/20260911T010258Z-initial-network-time-unresolved/constitutive_ranges.png,REPORT_OR_ANALYSIS_ONLY
qiu_si_port,qiu_qualification,97e6a9d602792cd2642d35d64396c7513e1a6d4c,cef12338a7befed981052d16a87848c14c920365,D,results/long_time_kinetics_900K_anisotropic_20260910/20260911T010258Z-initial-network-time-unresolved/evidence/cpu.txt,REPORT_OR_ANALYSIS_ONLY
qiu_si_port,qiu_qualification,97e6a9d602792cd2642d35d64396c7513e1a6d4c,cef12338a7befed981052d16a87848c14c920365,D,results/long_time_kinetics_900K_anisotropic_20260910/20260911T010258Z-initial-network-time-unresolved/evidence/environment-fingerprint.json,REPORT_OR_ANALYSIS_ONLY
qiu_si_port,qiu_qualification,97e6a9d602792cd2642d35d64396c7513e1a6d4c,cef12338a7befed981052d16a87848c14c920365,D,results/long_time_kinetics_900K_anisotropic_20260910/20260911T010258Z-initial-network-time-unresolved/evidence/geometry.log,REPORT_OR_ANALYSIS_ONLY
qiu_si_port,qiu_qualification,97e6a9d602792cd2642d35d64396c7513e1a6d4c,cef12338a7befed981052d16a87848c14c920365,D,results/long_time_kinetics_900K_anisotropic_20260910/20260911T010258Z-initial-network-time-unresolved/evidence/geometry/qualification.json,REPORT_OR_ANALYSIS_ONLY
qiu_si_port,qiu_qualification,97e6a9d602792cd2642d35d64396c7513e1a6d4c,cef12338a7befed981052d16a87848c14c920365,D,results/long_time_kinetics_900K_anisotropic_20260910/20260911T010258Z-initial-network-time-unresolved/evidence/geometry_exit_code.txt,REPORT_OR_ANALYSIS_ONLY
qiu_si_port,qiu_qualification,97e6a9d602792cd2642d35d64396c7513e1a6d4c,cef12338a7befed981052d16a87848c14c920365,D,results/long_time_kinetics_900K_anisotropic_20260910/20260911T010258Z-initial-network-time-unresolved/evidence/inputs.sha256,REPORT_OR_ANALYSIS_ONLY
qiu_si_port,qiu_qualification,97e6a9d602792cd2642d35d64396c7513e1a6d4c,cef12338a7befed981052d16a87848c14c920365,D,results/long_time_kinetics_900K_anisotropic_20260910/20260911T010258Z-initial-network-time-unresolved/evidence/manufactured.log,REPORT_OR_ANALYSIS_ONLY
qiu_si_port,qiu_qualification,97e6a9d602792cd2642d35d64396c7513e1a6d4c,cef12338a7befed981052d16a87848c14c920365,D,results/long_time_kinetics_900K_anisotropic_20260910/20260911T010258Z-initial-network-time-unresolved/evidence/manufactured/manufactured.json,REPORT_OR_ANALYSIS_ONLY
qiu_si_port,qiu_qualification,97e6a9d602792cd2642d35d64396c7513e1a6d4c,cef12338a7befed981052d16a87848c14c920365,D,results/long_time_kinetics_900K_anisotropic_20260910/20260911T010258Z-initial-network-time-unresolved/evidence/manufactured_exit_code.txt,REPORT_OR_ANALYSIS_ONLY
qiu_si_port,qiu_qualification,97e6a9d602792cd2642d35d64396c7513e1a6d4c,cef12338a7befed981052d16a87848c14c920365,D,results/long_time_kinetics_900K_anisotropic_20260910/20260911T010258Z-initial-network-time-unresolved/evidence/numpy-build.txt,REPORT_OR_ANALYSIS_ONLY
qiu_si_port,qiu_qualification,97e6a9d602792cd2642d35d64396c7513e1a6d4c,cef12338a7befed981052d16a87848c14c920365,D,results/long_time_kinetics_900K_anisotropic_20260910/20260911T010258Z-initial-network-time-unresolved/evidence/pip-freeze.txt,REPORT_OR_ANALYSIS_ONLY
qiu_si_port,qiu_qualification,97e6a9d602792cd2642d35d64396c7513e1a6d4c,cef12338a7befed981052d16a87848c14c920365,D,results/long_time_kinetics_900K_anisotropic_20260910/20260911T010258Z-initial-network-time-unresolved/evidence/runtime-libraries.txt,REPORT_OR_ANALYSIS_ONLY
qiu_si_port,qiu_qualification,97e6a9d602792cd2642d35d64396c7513e1a6d4c,cef12338a7befed981052d16a87848c14c920365,D,results/long_time_kinetics_900K_anisotropic_20260910/20260911T010258Z-initial-network-time-unresolved/evidence/source_commit.txt,REPORT_OR_ANALYSIS_ONLY
qiu_si_port,qiu_qualification,97e6a9d602792cd2642d35d64396c7513e1a6d4c,cef12338a7befed981052d16a87848c14c920365,D,results/long_time_kinetics_900K_anisotropic_20260910/20260911T010258Z-initial-network-time-unresolved/evidence/test_exit_code.txt,REPORT_OR_ANALYSIS_ONLY
qiu_si_port,qiu_qualification,97e6a9d602792cd2642d35d64396c7513e1a6d4c,cef12338a7befed981052d16a87848c14c920365,D,results/long_time_kinetics_900K_anisotropic_20260910/20260911T010258Z-initial-network-time-unresolved/evidence/tests.log,REPORT_OR_ANALYSIS_ONLY
qiu_si_port,qiu_qualification,97e6a9d602792cd2642d35d64396c7513e1a6d4c,cef12338a7befed981052d16a87848c14c920365,D,results/long_time_kinetics_900K_anisotropic_20260910/20260911T010258Z-initial-network-time-unresolved/evidence/tests.xml,REPORT_OR_ANALYSIS_ONLY
qiu_si_port,qiu_qualification,97e6a9d602792cd2642d35d64396c7513e1a6d4c,cef12338a7befed981052d16a87848c14c920365,D,results/long_time_kinetics_900K_anisotropic_20260910/20260911T010258Z-initial-network-time-unresolved/figure_manifest.json,REPORT_OR_ANALYSIS_ONLY
qiu_si_port,qiu_qualification,97e6a9d602792cd2642d35d64396c7513e1a6d4c,cef12338a7befed981052d16a87848c14c920365,D,results/long_time_kinetics_900K_anisotropic_20260910/20260911T010258Z-initial-network-time-unresolved/initial_network_normalization.json,REPORT_OR_ANALYSIS_ONLY
qiu_si_port,qiu_qualification,97e6a9d602792cd2642d35d64396c7513e1a6d4c,cef12338a7befed981052d16a87848c14c920365,D,results/long_time_kinetics_900K_anisotropic_20260910/20260911T010258Z-initial-network-time-unresolved/isotropic_anisotropic_comparison.csv,REPORT_OR_ANALYSIS_ONLY
qiu_si_port,qiu_qualification,97e6a9d602792cd2642d35d64396c7513e1a6d4c,cef12338a7befed981052d16a87848c14c920365,D,results/long_time_kinetics_900K_anisotropic_20260910/20260911T010258Z-initial-network-time-unresolved/movie_index.csv,REPORT_OR_ANALYSIS_ONLY
qiu_si_port,qiu_qualification,97e6a9d602792cd2642d35d64396c7513e1a6d4c,cef12338a7befed981052d16a87848c14c920365,D,results/long_time_kinetics_900K_anisotropic_20260910/20260911T010258Z-initial-network-time-unresolved/qualification_decision.json,REPORT_OR_ANALYSIS_ONLY
qiu_si_port,qiu_qualification,97e6a9d602792cd2642d35d64396c7513e1a6d4c,cef12338a7befed981052d16a87848c14c920365,D,results/long_time_kinetics_900K_anisotropic_20260910/20260911T010258Z-initial-network-time-unresolved/run_matrix.csv,REPORT_OR_ANALYSIS_ONLY
qiu_si_port,qiu_qualification,97e6a9d602792cd2642d35d64396c7513e1a6d4c,cef12338a7befed981052d16a87848c14c920365,D,results/long_time_kinetics_900K_anisotropic_20260910/20260911T013122Z-mathematical-qualification/anisotropy_parameters.json,REPORT_OR_ANALYSIS_ONLY
qiu_si_port,qiu_qualification,97e6a9d602792cd2642d35d64396c7513e1a6d4c,cef12338a7befed981052d16a87848c14c920365,D,results/long_time_kinetics_900K_anisotropic_20260910/20260911T013122Z-mathematical-qualification/checksum_manifest.json,REPORT_OR_ANALYSIS_ONLY
qiu_si_port,qiu_qualification,97e6a9d602792cd2642d35d64396c7513e1a6d4c,cef12338a7befed981052d16a87848c14c920365,D,results/long_time_kinetics_900K_anisotropic_20260910/20260911T013122Z-mathematical-qualification/constitutive_distributions.csv,REPORT_OR_ANALYSIS_ONLY
qiu_si_port,qiu_qualification,97e6a9d602792cd2642d35d64396c7513e1a6d4c,cef12338a7befed981052d16a87848c14c920365,D,results/long_time_kinetics_900K_anisotropic_20260910/20260911T013122Z-mathematical-qualification/constitutive_ranges.png,REPORT_OR_ANALYSIS_ONLY
qiu_si_port,qiu_qualification,97e6a9d602792cd2642d35d64396c7513e1a6d4c,cef12338a7befed981052d16a87848c14c920365,D,results/long_time_kinetics_900K_anisotropic_20260910/20260911T013122Z-mathematical-qualification/evidence/cpu.txt,REPORT_OR_ANALYSIS_ONLY
qiu_si_port,qiu_qualification,97e6a9d602792cd2642d35d64396c7513e1a6d4c,cef12338a7befed981052d16a87848c14c920365,D,results/long_time_kinetics_900K_anisotropic_20260910/20260911T013122Z-mathematical-qualification/evidence/environment-fingerprint.json,REPORT_OR_ANALYSIS_ONLY
qiu_si_port,qiu_qualification,97e6a9d602792cd2642d35d64396c7513e1a6d4c,cef12338a7befed981052d16a87848c14c920365,D,results/long_time_kinetics_900K_anisotropic_20260910/20260911T013122Z-mathematical-qualification/evidence/geometry.log,REPORT_OR_ANALYSIS_ONLY
qiu_si_port,qiu_qualification,97e6a9d602792cd2642d35d64396c7513e1a6d4c,cef12338a7befed981052d16a87848c14c920365,D,results/long_time_kinetics_900K_anisotropic_20260910/20260911T013122Z-mathematical-qualification/evidence/geometry/qualification.json,REPORT_OR_ANALYSIS_ONLY
qiu_si_port,qiu_qualification,97e6a9d602792cd2642d35d64396c7513e1a6d4c,cef12338a7befed981052d16a87848c14c920365,D,results/long_time_kinetics_900K_anisotropic_20260910/20260911T013122Z-mathematical-qualification/evidence/geometry_exit_code.txt,REPORT_OR_ANALYSIS_ONLY
qiu_si_port,qiu_qualification,97e6a9d602792cd2642d35d64396c7513e1a6d4c,cef12338a7befed981052d16a87848c14c920365,D,results/long_time_kinetics_900K_anisotropic_20260910/20260911T013122Z-mathematical-qualification/evidence/hpc3/55932113/checksums-single.sha256,REPORT_OR_ANALYSIS_ONLY
qiu_si_port,qiu_qualification,97e6a9d602792cd2642d35d64396c7513e1a6d4c,cef12338a7befed981052d16a87848c14c920365,D,results/long_time_kinetics_900K_anisotropic_20260910/20260911T013122Z-mathematical-qualification/evidence/hpc3/55932113/final-single.json,REPORT_OR_ANALYSIS_ONLY
qiu_si_port,qiu_qualification,97e6a9d602792cd2642d35d64396c7513e1a6d4c,cef12338a7befed981052d16a87848c14c920365,D,results/long_time_kinetics_900K_anisotropic_20260910/20260911T013122Z-mathematical-qualification/evidence/hpc3/55932113/hpc3-20260911T002118Z-nogit-d279e0-slurm-55932113.err,REPORT_OR_ANALYSIS_ONLY
qiu_si_port,qiu_qualification,97e6a9d602792cd2642d35d64396c7513e1a6d4c,cef12338a7befed981052d16a87848c14c920365,D,results/long_time_kinetics_900K_anisotropic_20260910/20260911T013122Z-mathematical-qualification/evidence/hpc3/55932113/hpc3-20260911T002118Z-nogit-d279e0-slurm-55932113.out,REPORT_OR_ANALYSIS_ONLY
qiu_si_port,qiu_qualification,97e6a9d602792cd2642d35d64396c7513e1a6d4c,cef12338a7befed981052d16a87848c14c920365,D,results/long_time_kinetics_900K_anisotropic_20260910/20260911T013122Z-mathematical-qualification/evidence/hpc3/55932113/runner-record.json,REPORT_OR_ANALYSIS_ONLY
qiu_si_port,qiu_qualification,97e6a9d602792cd2642d35d64396c7513e1a6d4c,cef12338a7befed981052d16a87848c14c920365,D,results/long_time_kinetics_900K_anisotropic_20260910/20260911T013122Z-mathematical-qualification/evidence/hpc3/55932113/sacct-seff.txt,REPORT_OR_ANALYSIS_ONLY
qiu_si_port,qiu_qualification,97e6a9d602792cd2642d35d64396c7513e1a6d4c,cef12338a7befed981052d16a87848c14c920365,D,results/long_time_kinetics_900K_anisotropic_20260910/20260911T013122Z-mathematical-qualification/evidence/hpc3/55932211/checksums-single.sha256,REPORT_OR_ANALYSIS_ONLY
qiu_si_port,qiu_qualification,97e6a9d602792cd2642d35d64396c7513e1a6d4c,cef12338a7befed981052d16a87848c14c920365,D,results/long_time_kinetics_900K_anisotropic_20260910/20260911T013122Z-mathematical-qualification/evidence/hpc3/55932211/final-single.json,REPORT_OR_ANALYSIS_ONLY
qiu_si_port,qiu_qualification,97e6a9d602792cd2642d35d64396c7513e1a6d4c,cef12338a7befed981052d16a87848c14c920365,D,results/long_time_kinetics_900K_anisotropic_20260910/20260911T013122Z-mathematical-qualification/evidence/hpc3/55932211/hpc3-20260911T002932Z-nogit-2371f7-slurm-55932211.err,REPORT_OR_ANALYSIS_ONLY
qiu_si_port,qiu_qualification,97e6a9d602792cd2642d35d64396c7513e1a6d4c,cef12338a7befed981052d16a87848c14c920365,D,results/long_time_kinetics_900K_anisotropic_20260910/20260911T013122Z-mathematical-qualification/evidence/hpc3/55932211/hpc3-20260911T002932Z-nogit-2371f7-slurm-55932211.out,REPORT_OR_ANALYSIS_ONLY
qiu_si_port,qiu_qualification,97e6a9d602792cd2642d35d64396c7513e1a6d4c,cef12338a7befed981052d16a87848c14c920365,D,results/long_time_kinetics_900K_anisotropic_20260910/20260911T013122Z-mathematical-qualification/evidence/hpc3/55932211/runner-record.json,REPORT_OR_ANALYSIS_ONLY
qiu_si_port,qiu_qualification,97e6a9d602792cd2642d35d64396c7513e1a6d4c,cef12338a7befed981052d16a87848c14c920365,D,results/long_time_kinetics_900K_anisotropic_20260910/20260911T013122Z-mathematical-qualification/evidence/hpc3/55932211/sacct-seff.txt,REPORT_OR_ANALYSIS_ONLY
qiu_si_port,qiu_qualification,97e6a9d602792cd2642d35d64396c7513e1a6d4c,cef12338a7befed981052d16a87848c14c920365,D,results/long_time_kinetics_900K_anisotropic_20260910/20260911T013122Z-mathematical-qualification/evidence/hpc3/55932614/checksums-single.sha256,REPORT_OR_ANALYSIS_ONLY
qiu_si_port,qiu_qualification,97e6a9d602792cd2642d35d64396c7513e1a6d4c,cef12338a7befed981052d16a87848c14c920365,D,results/long_time_kinetics_900K_anisotropic_20260910/20260911T013122Z-mathematical-qualification/evidence/hpc3/55932614/final-single.json,REPORT_OR_ANALYSIS_ONLY
qiu_si_port,qiu_qualification,97e6a9d602792cd2642d35d64396c7513e1a6d4c,cef12338a7befed981052d16a87848c14c920365,D,results/long_time_kinetics_900K_anisotropic_20260910/20260911T013122Z-mathematical-qualification/evidence/hpc3/55932614/hpc3-20260911T004050Z-nogit-3e2ea8-slurm-55932614.err,REPORT_OR_ANALYSIS_ONLY
qiu_si_port,qiu_qualification,97e6a9d602792cd2642d35d64396c7513e1a6d4c,cef12338a7befed981052d16a87848c14c920365,D,results/long_time_kinetics_900K_anisotropic_20260910/20260911T013122Z-mathematical-qualification/evidence/hpc3/55932614/hpc3-20260911T004050Z-nogit-3e2ea8-slurm-55932614.out,REPORT_OR_ANALYSIS_ONLY
qiu_si_port,qiu_qualification,97e6a9d602792cd2642d35d64396c7513e1a6d4c,cef12338a7befed981052d16a87848c14c920365,D,results/long_time_kinetics_900K_anisotropic_20260910/20260911T013122Z-mathematical-qualification/evidence/hpc3/55932614/runner-record.json,REPORT_OR_ANALYSIS_ONLY
qiu_si_port,qiu_qualification,97e6a9d602792cd2642d35d64396c7513e1a6d4c,cef12338a7befed981052d16a87848c14c920365,D,results/long_time_kinetics_900K_anisotropic_20260910/20260911T013122Z-mathematical-qualification/evidence/hpc3/55932614/sacct-seff.txt,REPORT_OR_ANALYSIS_ONLY
qiu_si_port,qiu_qualification,97e6a9d602792cd2642d35d64396c7513e1a6d4c,cef12338a7befed981052d16a87848c14c920365,D,results/long_time_kinetics_900K_anisotropic_20260910/20260911T013122Z-mathematical-qualification/evidence/hpc3/55932951/checksums-single.sha256,REPORT_OR_ANALYSIS_ONLY
qiu_si_port,qiu_qualification,97e6a9d602792cd2642d35d64396c7513e1a6d4c,cef12338a7befed981052d16a87848c14c920365,D,results/long_time_kinetics_900K_anisotropic_20260910/20260911T013122Z-mathematical-qualification/evidence/hpc3/55932951/final-single.json,REPORT_OR_ANALYSIS_ONLY
qiu_si_port,qiu_qualification,97e6a9d602792cd2642d35d64396c7513e1a6d4c,cef12338a7befed981052d16a87848c14c920365,D,results/long_time_kinetics_900K_anisotropic_20260910/20260911T013122Z-mathematical-qualification/evidence/hpc3/55932951/hpc3-20260911T010258Z-nogit-ae4ebc-slurm-55932951.err,REPORT_OR_ANALYSIS_ONLY
qiu_si_port,qiu_qualification,97e6a9d602792cd2642d35d64396c7513e1a6d4c,cef12338a7befed981052d16a87848c14c920365,D,results/long_time_kinetics_900K_anisotropic_20260910/20260911T013122Z-mathematical-qualification/evidence/hpc3/55932951/hpc3-20260911T010258Z-nogit-ae4ebc-slurm-55932951.out,REPORT_OR_ANALYSIS_ONLY
qiu_si_port,qiu_qualification,97e6a9d602792cd2642d35d64396c7513e1a6d4c,cef12338a7befed981052d16a87848c14c920365,D,results/long_time_kinetics_900K_anisotropic_20260910/20260911T013122Z-mathematical-qualification/evidence/hpc3/55932951/runner-record.json,REPORT_OR_ANALYSIS_ONLY
qiu_si_port,qiu_qualification,97e6a9d602792cd2642d35d64396c7513e1a6d4c,cef12338a7befed981052d16a87848c14c920365,D,results/long_time_kinetics_900K_anisotropic_20260910/20260911T013122Z-mathematical-qualification/evidence/hpc3/55932951/sacct-seff.txt,REPORT_OR_ANALYSIS_ONLY
qiu_si_port,qiu_qualification,97e6a9d602792cd2642d35d64396c7513e1a6d4c,cef12338a7befed981052d16a87848c14c920365,D,results/long_time_kinetics_900K_anisotropic_20260910/20260911T013122Z-mathematical-qualification/evidence/hpc3/55933300/checksums-single.sha256,REPORT_OR_ANALYSIS_ONLY
qiu_si_port,qiu_qualification,97e6a9d602792cd2642d35d64396c7513e1a6d4c,cef12338a7befed981052d16a87848c14c920365,D,results/long_time_kinetics_900K_anisotropic_20260910/20260911T013122Z-mathematical-qualification/evidence/hpc3/55933300/final-single.json,REPORT_OR_ANALYSIS_ONLY
qiu_si_port,qiu_qualification,97e6a9d602792cd2642d35d64396c7513e1a6d4c,cef12338a7befed981052d16a87848c14c920365,D,results/long_time_kinetics_900K_anisotropic_20260910/20260911T013122Z-mathematical-qualification/evidence/hpc3/55933300/hpc3-20260911T013122Z-nogit-e7f36e-slurm-55933300.err,REPORT_OR_ANALYSIS_ONLY
qiu_si_port,qiu_qualification,97e6a9d602792cd2642d35d64396c7513e1a6d4c,cef12338a7befed981052d16a87848c14c920365,D,results/long_time_kinetics_900K_anisotropic_20260910/20260911T013122Z-mathematical-qualification/evidence/hpc3/55933300/hpc3-20260911T013122Z-nogit-e7f36e-slurm-55933300.out,REPORT_OR_ANALYSIS_ONLY
qiu_si_port,qiu_qualification,97e6a9d602792cd2642d35d64396c7513e1a6d4c,cef12338a7befed981052d16a87848c14c920365,D,results/long_time_kinetics_900K_anisotropic_20260910/20260911T013122Z-mathematical-qualification/evidence/hpc3/55933300/runner-record.json,REPORT_OR_ANALYSIS_ONLY
qiu_si_port,qiu_qualification,97e6a9d602792cd2642d35d64396c7513e1a6d4c,cef12338a7befed981052d16a87848c14c920365,D,results/long_time_kinetics_900K_anisotropic_20260910/20260911T013122Z-mathematical-qualification/evidence/hpc3/55933300/sacct-seff.txt,REPORT_OR_ANALYSIS_ONLY
qiu_si_port,qiu_qualification,97e6a9d602792cd2642d35d64396c7513e1a6d4c,cef12338a7befed981052d16a87848c14c920365,D,results/long_time_kinetics_900K_anisotropic_20260910/20260911T013122Z-mathematical-qualification/evidence/hpc3/archive_verification.json,REPORT_OR_ANALYSIS_ONLY
qiu_si_port,qiu_qualification,97e6a9d602792cd2642d35d64396c7513e1a6d4c,cef12338a7befed981052d16a87848c14c920365,D,results/long_time_kinetics_900K_anisotropic_20260910/20260911T013122Z-mathematical-qualification/evidence/hpc3/final-reconciliation.txt,REPORT_OR_ANALYSIS_ONLY
qiu_si_port,qiu_qualification,97e6a9d602792cd2642d35d64396c7513e1a6d4c,cef12338a7befed981052d16a87848c14c920365,D,results/long_time_kinetics_900K_anisotropic_20260910/20260911T013122Z-mathematical-qualification/evidence/hpc3/geometry-v6-compute-io-probe.txt,REPORT_OR_ANALYSIS_ONLY
qiu_si_port,qiu_qualification,97e6a9d602792cd2642d35d64396c7513e1a6d4c,cef12338a7befed981052d16a87848c14c920365,D,results/long_time_kinetics_900K_anisotropic_20260910/20260911T013122Z-mathematical-qualification/evidence/hpc3/geometry-v6-compute-progress-probe.txt,REPORT_OR_ANALYSIS_ONLY
qiu_si_port,qiu_qualification,97e6a9d602792cd2642d35d64396c7513e1a6d4c,cef12338a7befed981052d16a87848c14c920365,D,results/long_time_kinetics_900K_anisotropic_20260910/20260911T013122Z-mathematical-qualification/evidence/hpc3/geometry-v6-preserve-before-cancel.txt,REPORT_OR_ANALYSIS_ONLY
qiu_si_port,qiu_qualification,97e6a9d602792cd2642d35d64396c7513e1a6d4c,cef12338a7befed981052d16a87848c14c920365,D,results/long_time_kinetics_900K_anisotropic_20260910/20260911T013122Z-mathematical-qualification/evidence/hpc3/geometry-v6-progress-decision.json,REPORT_OR_ANALYSIS_ONLY
qiu_si_port,qiu_qualification,97e6a9d602792cd2642d35d64396c7513e1a6d4c,cef12338a7befed981052d16a87848c14c920365,D,results/long_time_kinetics_900K_anisotropic_20260910/20260911T013122Z-mathematical-qualification/evidence/hpc3/historical_source_identity.json,REPORT_OR_ANALYSIS_ONLY
qiu_si_port,qiu_qualification,97e6a9d602792cd2642d35d64396c7513e1a6d4c,cef12338a7befed981052d16a87848c14c920365,D,results/long_time_kinetics_900K_anisotropic_20260910/20260911T013122Z-mathematical-qualification/evidence/hpc3/ownership.json,REPORT_OR_ANALYSIS_ONLY
qiu_si_port,qiu_qualification,97e6a9d602792cd2642d35d64396c7513e1a6d4c,cef12338a7befed981052d16a87848c14c920365,D,results/long_time_kinetics_900K_anisotropic_20260910/20260911T013122Z-mathematical-qualification/evidence/hpc3/provenance.json,REPORT_OR_ANALYSIS_ONLY
qiu_si_port,qiu_qualification,97e6a9d602792cd2642d35d64396c7513e1a6d4c,cef12338a7befed981052d16a87848c14c920365,D,results/long_time_kinetics_900K_anisotropic_20260910/20260911T013122Z-mathematical-qualification/evidence/inputs.sha256,REPORT_OR_ANALYSIS_ONLY
qiu_si_port,qiu_qualification,97e6a9d602792cd2642d35d64396c7513e1a6d4c,cef12338a7befed981052d16a87848c14c920365,D,results/long_time_kinetics_900K_anisotropic_20260910/20260911T013122Z-mathematical-qualification/evidence/manufactured.log,REPORT_OR_ANALYSIS_ONLY
qiu_si_port,qiu_qualification,97e6a9d602792cd2642d35d64396c7513e1a6d4c,cef12338a7befed981052d16a87848c14c920365,D,results/long_time_kinetics_900K_anisotropic_20260910/20260911T013122Z-mathematical-qualification/evidence/manufactured/manufactured.json,REPORT_OR_ANALYSIS_ONLY
qiu_si_port,qiu_qualification,97e6a9d602792cd2642d35d64396c7513e1a6d4c,cef12338a7befed981052d16a87848c14c920365,D,results/long_time_kinetics_900K_anisotropic_20260910/20260911T013122Z-mathematical-qualification/evidence/manufactured_exit_code.txt,REPORT_OR_ANALYSIS_ONLY
qiu_si_port,qiu_qualification,97e6a9d602792cd2642d35d64396c7513e1a6d4c,cef12338a7befed981052d16a87848c14c920365,D,results/long_time_kinetics_900K_anisotropic_20260910/20260911T013122Z-mathematical-qualification/evidence/numpy-build.txt,REPORT_OR_ANALYSIS_ONLY
qiu_si_port,qiu_qualification,97e6a9d602792cd2642d35d64396c7513e1a6d4c,cef12338a7befed981052d16a87848c14c920365,D,results/long_time_kinetics_900K_anisotropic_20260910/20260911T013122Z-mathematical-qualification/evidence/pip-freeze.txt,REPORT_OR_ANALYSIS_ONLY
qiu_si_port,qiu_qualification,97e6a9d602792cd2642d35d64396c7513e1a6d4c,cef12338a7befed981052d16a87848c14c920365,D,results/long_time_kinetics_900K_anisotropic_20260910/20260911T013122Z-mathematical-qualification/evidence/report_anisotropic_qualification.py,REPORT_OR_ANALYSIS_ONLY
qiu_si_port,qiu_qualification,97e6a9d602792cd2642d35d64396c7513e1a6d4c,cef12338a7befed981052d16a87848c14c920365,D,results/long_time_kinetics_900K_anisotropic_20260910/20260911T013122Z-mathematical-qualification/evidence/runtime-libraries.txt,REPORT_OR_ANALYSIS_ONLY
qiu_si_port,qiu_qualification,97e6a9d602792cd2642d35d64396c7513e1a6d4c,cef12338a7befed981052d16a87848c14c920365,D,results/long_time_kinetics_900K_anisotropic_20260910/20260911T013122Z-mathematical-qualification/evidence/source_commit.txt,REPORT_OR_ANALYSIS_ONLY
qiu_si_port,qiu_qualification,97e6a9d602792cd2642d35d64396c7513e1a6d4c,cef12338a7befed981052d16a87848c14c920365,D,results/long_time_kinetics_900K_anisotropic_20260910/20260911T013122Z-mathematical-qualification/evidence/test_exit_code.txt,REPORT_OR_ANALYSIS_ONLY
qiu_si_port,qiu_qualification,97e6a9d602792cd2642d35d64396c7513e1a6d4c,cef12338a7befed981052d16a87848c14c920365,D,results/long_time_kinetics_900K_anisotropic_20260910/20260911T013122Z-mathematical-qualification/evidence/tests.log,REPORT_OR_ANALYSIS_ONLY
qiu_si_port,qiu_qualification,97e6a9d602792cd2642d35d64396c7513e1a6d4c,cef12338a7befed981052d16a87848c14c920365,D,results/long_time_kinetics_900K_anisotropic_20260910/20260911T013122Z-mathematical-qualification/evidence/tests.xml,REPORT_OR_ANALYSIS_ONLY
qiu_si_port,qiu_qualification,97e6a9d602792cd2642d35d64396c7513e1a6d4c,cef12338a7befed981052d16a87848c14c920365,D,results/long_time_kinetics_900K_anisotropic_20260910/20260911T013122Z-mathematical-qualification/figure_manifest.json,REPORT_OR_ANALYSIS_ONLY
qiu_si_port,qiu_qualification,97e6a9d602792cd2642d35d64396c7513e1a6d4c,cef12338a7befed981052d16a87848c14c920365,D,results/long_time_kinetics_900K_anisotropic_20260910/20260911T013122Z-mathematical-qualification/initial_network_normalization.json,REPORT_OR_ANALYSIS_ONLY
qiu_si_port,qiu_qualification,97e6a9d602792cd2642d35d64396c7513e1a6d4c,cef12338a7befed981052d16a87848c14c920365,D,results/long_time_kinetics_900K_anisotropic_20260910/20260911T013122Z-mathematical-qualification/isotropic_anisotropic_comparison.csv,REPORT_OR_ANALYSIS_ONLY
qiu_si_port,qiu_qualification,97e6a9d602792cd2642d35d64396c7513e1a6d4c,cef12338a7befed981052d16a87848c14c920365,D,results/long_time_kinetics_900K_anisotropic_20260910/20260911T013122Z-mathematical-qualification/movie_index.csv,REPORT_OR_ANALYSIS_ONLY
qiu_si_port,qiu_qualification,97e6a9d602792cd2642d35d64396c7513e1a6d4c,cef12338a7befed981052d16a87848c14c920365,D,results/long_time_kinetics_900K_anisotropic_20260910/20260911T013122Z-mathematical-qualification/qualification_decision.json,REPORT_OR_ANALYSIS_ONLY
qiu_si_port,qiu_qualification,97e6a9d602792cd2642d35d64396c7513e1a6d4c,cef12338a7befed981052d16a87848c14c920365,D,results/long_time_kinetics_900K_anisotropic_20260910/20260911T013122Z-mathematical-qualification/report_provenance.json,REPORT_OR_ANALYSIS_ONLY
qiu_si_port,qiu_qualification,97e6a9d602792cd2642d35d64396c7513e1a6d4c,cef12338a7befed981052d16a87848c14c920365,D,results/long_time_kinetics_900K_anisotropic_20260910/20260911T013122Z-mathematical-qualification/run_matrix.csv,REPORT_OR_ANALYSIS_ONLY
qiu_si_port,qiu_qualification,97e6a9d602792cd2642d35d64396c7513e1a6d4c,cef12338a7befed981052d16a87848c14c920365,D,results/long_time_kinetics_900K_anisotropic_20260910/20260911T013122Z-mathematical-qualification/sharp_network_timestep.png,REPORT_OR_ANALYSIS_ONLY
qiu_si_port,qiu_qualification,97e6a9d602792cd2642d35d64396c7513e1a6d4c,cef12338a7befed981052d16a87848c14c920365,D,results/long_time_kinetics_900K_anisotropic_20260910/20260911T013122Z-mathematical-qualification/sharp_network_timestep_evidence.json,REPORT_OR_ANALYSIS_ONLY
qiu_si_port,qiu_qualification,97e6a9d602792cd2642d35d64396c7513e1a6d4c,cef12338a7befed981052d16a87848c14c920365,D,results/long_time_kinetics_900K_anisotropic_20260910/20260912T001247Z-pf-tj-gate-failed/evidence/tj-dt-refinement.json,REPORT_OR_ANALYSIS_ONLY
qiu_si_port,qiu_qualification,97e6a9d602792cd2642d35d64396c7513e1a6d4c,cef12338a7befed981052d16a87848c14c920365,D,results/long_time_kinetics_900K_anisotropic_20260910/20260912T001247Z-pf-tj-gate-failed/qualification_decision.json,REPORT_OR_ANALYSIS_ONLY
qiu_si_port,qiu_qualification,97e6a9d602792cd2642d35d64396c7513e1a6d4c,cef12338a7befed981052d16a87848c14c920365,A,results/validation/qiu_fix_baseline_tests.xml,REPORT_OR_ANALYSIS_ONLY
qiu_si_port,qiu_qualification,97e6a9d602792cd2642d35d64396c7513e1a6d4c,cef12338a7befed981052d16a87848c14c920365,A,results/validation/qiu_fix_phase1_tests.xml,REPORT_OR_ANALYSIS_ONLY
qiu_si_port,qiu_qualification,97e6a9d602792cd2642d35d64396c7513e1a6d4c,cef12338a7befed981052d16a87848c14c920365,A,scripts/analyze_qiu_full_field_qualification.py,FFT_SPECIFIC
qiu_si_port,qiu_qualification,97e6a9d602792cd2642d35d64396c7513e1a6d4c,cef12338a7befed981052d16a87848c14c920365,A,scripts/attest_qiu_hpc3_source.py,HPC_ORCHESTRATION_ONLY
qiu_si_port,qiu_qualification,97e6a9d602792cd2642d35d64396c7513e1a6d4c,cef12338a7befed981052d16a87848c14c920365,A,scripts/audit_qiu_si_reference.py,QIU_SI_SPECIFIC
qiu_si_port,qiu_qualification,97e6a9d602792cd2642d35d64396c7513e1a6d4c,cef12338a7befed981052d16a87848c14c920365,A,scripts/audit_qiu_sourcework_stream.py,HPC_ORCHESTRATION_ONLY
qiu_si_port,qiu_qualification,97e6a9d602792cd2642d35d64396c7513e1a6d4c,cef12338a7befed981052d16a87848c14c920365,A,scripts/audit_qiu_transition_fragment.py,HPC_ORCHESTRATION_ONLY
qiu_si_port,qiu_qualification,97e6a9d602792cd2642d35d64396c7513e1a6d4c,cef12338a7befed981052d16a87848c14c920365,D,scripts/compare_qiu_si_matched_states.py,QIU_SI_SPECIFIC
qiu_si_port,qiu_qualification,97e6a9d602792cd2642d35d64396c7513e1a6d4c,cef12338a7befed981052d16a87848c14c920365,A,scripts/continue_qiu_legacy_forensics.py,HPC_ORCHESTRATION_ONLY
qiu_si_port,qiu_qualification,97e6a9d602792cd2642d35d64396c7513e1a6d4c,cef12338a7befed981052d16a87848c14c920365,A,scripts/create_qiu_live_snapshot.py,HPC_ORCHESTRATION_ONLY
qiu_si_port,qiu_qualification,97e6a9d602792cd2642d35d64396c7513e1a6d4c,cef12338a7befed981052d16a87848c14c920365,A,scripts/create_qiu_live_transition_fragment.py,HPC_ORCHESTRATION_ONLY
qiu_si_port,qiu_qualification,97e6a9d602792cd2642d35d64396c7513e1a6d4c,cef12338a7befed981052d16a87848c14c920365,D,scripts/diagnose_anisotropic_first_transition.py,GENERIC_ANISOTROPY_CORE
qiu_si_port,qiu_qualification,97e6a9d602792cd2642d35d64396c7513e1a6d4c,cef12338a7befed981052d16a87848c14c920365,D,scripts/diagnose_anisotropic_tj_dt.py,GENERIC_ANISOTROPY_CORE
qiu_si_port,qiu_qualification,97e6a9d602792cd2642d35d64396c7513e1a6d4c,cef12338a7befed981052d16a87848c14c920365,A,scripts/extract_qiu_live_tracker_window.py,HPC_ORCHESTRATION_ONLY
qiu_si_port,qiu_qualification,97e6a9d602792cd2642d35d64396c7513e1a6d4c,cef12338a7befed981052d16a87848c14c920365,D,scripts/freeze_qiu_si_normalization.py,QIU_SI_SPECIFIC
qiu_si_port,qiu_qualification,97e6a9d602792cd2642d35d64396c7513e1a6d4c,cef12338a7befed981052d16a87848c14c920365,A,scripts/prepare_qiu_qualification_initial.py,HPC_ORCHESTRATION_ONLY
qiu_si_port,qiu_qualification,97e6a9d602792cd2642d35d64396c7513e1a6d4c,cef12338a7befed981052d16a87848c14c920365,A,scripts/qiu_phase0_baseline.py,HPC_ORCHESTRATION_ONLY
qiu_si_port,qiu_qualification,97e6a9d602792cd2642d35d64396c7513e1a6d4c,cef12338a7befed981052d16a87848c14c920365,D,scripts/qualify_anisotropic_geometry.py,GENERIC_ANISOTROPY_CORE
qiu_si_port,qiu_qualification,97e6a9d602792cd2642d35d64396c7513e1a6d4c,cef12338a7befed981052d16a87848c14c920365,D,scripts/qualify_anisotropic_manufactured.py,GENERIC_ANISOTROPY_CORE
qiu_si_port,qiu_qualification,97e6a9d602792cd2642d35d64396c7513e1a6d4c,cef12338a7befed981052d16a87848c14c920365,D,scripts/qualify_anisotropic_pf.py,GENERIC_ANISOTROPY_CORE
qiu_si_port,qiu_qualification,97e6a9d602792cd2642d35d64396c7513e1a6d4c,cef12338a7befed981052d16a87848c14c920365,D,scripts/qualify_anisotropic_postfix.py,GENERIC_ANISOTROPY_CORE
qiu_si_port,qiu_qualification,97e6a9d602792cd2642d35d64396c7513e1a6d4c,cef12338a7befed981052d16a87848c14c920365,A,scripts/render_qiu_qualification_movie.py,HPC_ORCHESTRATION_ONLY
qiu_si_port,qiu_qualification,97e6a9d602792cd2642d35d64396c7513e1a6d4c,cef12338a7befed981052d16a87848c14c920365,D,scripts/report_anisotropic_qualification.py,GENERIC_ANISOTROPY_CORE
qiu_si_port,qiu_qualification,97e6a9d602792cd2642d35d64396c7513e1a6d4c,cef12338a7befed981052d16a87848c14c920365,D,scripts/run_anisotropic_reduced_pilot.py,GENERIC_ANISOTROPY_CORE
qiu_si_port,qiu_qualification,97e6a9d602792cd2642d35d64396c7513e1a6d4c,cef12338a7befed981052d16a87848c14c920365,A,scripts/run_qiu_fft_v2_qualification.py,FFT_SPECIFIC
qiu_si_port,qiu_qualification,97e6a9d602792cd2642d35d64396c7513e1a6d4c,cef12338a7befed981052d16a87848c14c920365,A,scripts/run_qiu_legacy_forensics.py,HPC_ORCHESTRATION_ONLY
qiu_si_port,qiu_qualification,97e6a9d602792cd2642d35d64396c7513e1a6d4c,cef12338a7befed981052d16a87848c14c920365,A,scripts/run_qiu_reduced_matrix.py,HPC_ORCHESTRATION_ONLY
qiu_si_port,qiu_qualification,97e6a9d602792cd2642d35d64396c7513e1a6d4c,cef12338a7befed981052d16a87848c14c920365,A,scripts/run_qiu_reduced_timestep_convergence.py,HPC_ORCHESTRATION_ONLY
qiu_si_port,qiu_qualification,97e6a9d602792cd2642d35d64396c7513e1a6d4c,cef12338a7befed981052d16a87848c14c920365,M,scripts/run_qiu_regressions.py,HPC_ORCHESTRATION_ONLY
qiu_si_port,qiu_qualification,97e6a9d602792cd2642d35d64396c7513e1a6d4c,cef12338a7befed981052d16a87848c14c920365,A,scripts/run_qiu_spatial_convergence.py,HPC_ORCHESTRATION_ONLY
qiu_si_port,qiu_qualification,97e6a9d602792cd2642d35d64396c7513e1a6d4c,cef12338a7befed981052d16a87848c14c920365,D,scripts/sync_anisotropic_ledger.py,GENERIC_ANISOTROPY_CORE
qiu_si_port,qiu_qualification,97e6a9d602792cd2642d35d64396c7513e1a6d4c,cef12338a7befed981052d16a87848c14c920365,A,scripts/validate_qiu_qualification_decision.py,HPC_ORCHESTRATION_ONLY
qiu_si_port,qiu_qualification,97e6a9d602792cd2642d35d64396c7513e1a6d4c,cef12338a7befed981052d16a87848c14c920365,M,src/grain_growth_pf/config.py,SUPERSEDED
qiu_si_port,qiu_qualification,97e6a9d602792cd2642d35d64396c7513e1a6d4c,cef12338a7befed981052d16a87848c14c920365,A,src/grain_growth_pf/diagnostics/__init__.py,SUPERSEDED
qiu_si_port,qiu_qualification,97e6a9d602792cd2642d35d64396c7513e1a6d4c,cef12338a7befed981052d16a87848c14c920365,A,src/grain_growth_pf/diagnostics/qiu_forensics.py,SUPERSEDED
qiu_si_port,qiu_qualification,97e6a9d602792cd2642d35d64396c7513e1a6d4c,cef12338a7befed981052d16a87848c14c920365,D,src/grain_growth_pf/entities/conforming_network.py,SUPERSEDED
qiu_si_port,qiu_qualification,97e6a9d602792cd2642d35d64396c7513e1a6d4c,cef12338a7befed981052d16a87848c14c920365,D,src/grain_growth_pf/entities/ordered_network.py,SUPERSEDED
qiu_si_port,qiu_qualification,97e6a9d602792cd2642d35d64396c7513e1a6d4c,cef12338a7befed981052d16a87848c14c920365,D,src/grain_growth_pf/mechanics/anisotropy.py,GENERIC_ANISOTROPY_CORE
qiu_si_port,qiu_qualification,97e6a9d602792cd2642d35d64396c7513e1a6d4c,cef12338a7befed981052d16a87848c14c920365,D,src/grain_growth_pf/mechanics/cahn_hoffman.py,SUPERSEDED
qiu_si_port,qiu_qualification,97e6a9d602792cd2642d35d64396c7513e1a6d4c,cef12338a7befed981052d16a87848c14c920365,A,src/grain_growth_pf/mechanics/fft_eigenstrain_coupling.py,FFT_SPECIFIC
qiu_si_port,qiu_qualification,97e6a9d602792cd2642d35d64396c7513e1a6d4c,cef12338a7befed981052d16a87848c14c920365,D,src/grain_growth_pf/mechanics/network_pullback.py,SUPERSEDED
qiu_si_port,qiu_qualification,97e6a9d602792cd2642d35d64396c7513e1a6d4c,cef12338a7befed981052d16a87848c14c920365,M,src/grain_growth_pf/mechanics/qiu_full_field.py,FFT_SPECIFIC
qiu_si_port,qiu_qualification,97e6a9d602792cd2642d35d64396c7513e1a6d4c,cef12338a7befed981052d16a87848c14c920365,A,src/grain_growth_pf/mechanics/qiu_reference_geometry.py,SUPERSEDED
qiu_si_port,qiu_qualification,97e6a9d602792cd2642d35d64396c7513e1a6d4c,cef12338a7befed981052d16a87848c14c920365,M,src/grain_growth_pf/migration_closure.py,SUPERSEDED
qiu_si_port,qiu_qualification,97e6a9d602792cd2642d35d64396c7513e1a6d4c,cef12338a7befed981052d16a87848c14c920365,D,src/grain_growth_pf/pf/anisotropic.py,GENERIC_ANISOTROPY_CORE
qiu_si_port,qiu_qualification,97e6a9d602792cd2642d35d64396c7513e1a6d4c,cef12338a7befed981052d16a87848c14c920365,M,src/grain_growth_pf/pf/kernels.py,GENERIC_ANISOTROPY_CORE
qiu_si_port,qiu_qualification,97e6a9d602792cd2642d35d64396c7513e1a6d4c,cef12338a7befed981052d16a87848c14c920365,D,src/grain_growth_pf/pf/qiu_si.py,QIU_SI_SPECIFIC
qiu_si_port,qiu_qualification,97e6a9d602792cd2642d35d64396c7513e1a6d4c,cef12338a7befed981052d16a87848c14c920365,M,src/grain_growth_pf/pf/solver.py,GENERIC_ANISOTROPY_CORE
qiu_si_port,qiu_qualification,97e6a9d602792cd2642d35d64396c7513e1a6d4c,cef12338a7befed981052d16a87848c14c920365,M,src/grain_growth_pf/simulation.py,SUPERSEDED
qiu_si_port,qiu_qualification,97e6a9d602792cd2642d35d64396c7513e1a6d4c,cef12338a7befed981052d16a87848c14c920365,M,tests/integration/test_area_loss_climb_integration.py,SUPERSEDED
qiu_si_port,qiu_qualification,97e6a9d602792cd2642d35d64396c7513e1a6d4c,cef12338a7befed981052d16a87848c14c920365,A,tests/integration/test_qiu_forensics.py,SUPERSEDED
qiu_si_port,qiu_qualification,97e6a9d602792cd2642d35d64396c7513e1a6d4c,cef12338a7befed981052d16a87848c14c920365,M,tests/integration/test_simulation.py,SUPERSEDED
qiu_si_port,qiu_qualification,97e6a9d602792cd2642d35d64396c7513e1a6d4c,cef12338a7befed981052d16a87848c14c920365,D,tests/pf/test_anisotropic_operator.py,GENERIC_ANISOTROPY_CORE
qiu_si_port,qiu_qualification,97e6a9d602792cd2642d35d64396c7513e1a6d4c,cef12338a7befed981052d16a87848c14c920365,D,tests/pf/test_qiu_si_operator.py,QIU_SI_SPECIFIC
qiu_si_port,qiu_qualification,97e6a9d602792cd2642d35d64396c7513e1a6d4c,cef12338a7befed981052d16a87848c14c920365,D,tests/unit/test_anisotropic_pullback.py,GENERIC_ANISOTROPY_CORE
qiu_si_port,qiu_qualification,97e6a9d602792cd2642d35d64396c7513e1a6d4c,cef12338a7befed981052d16a87848c14c920365,D,tests/unit/test_anisotropic_variation.py,GENERIC_ANISOTROPY_CORE
qiu_si_port,qiu_qualification,97e6a9d602792cd2642d35d64396c7513e1a6d4c,cef12338a7befed981052d16a87848c14c920365,A,tests/unit/test_fft_eigenstrain_coupling.py,FFT_SPECIFIC
qiu_si_port,qiu_qualification,97e6a9d602792cd2642d35d64396c7513e1a6d4c,cef12338a7befed981052d16a87848c14c920365,A,tests/unit/test_fft_eigenstrain_v2.py,FFT_SPECIFIC
qiu_si_port,qiu_qualification,97e6a9d602792cd2642d35d64396c7513e1a6d4c,cef12338a7befed981052d16a87848c14c920365,A,tests/unit/test_qiu_hpc3_attestation.py,SUPERSEDED
qiu_si_port,qiu_qualification,97e6a9d602792cd2642d35d64396c7513e1a6d4c,cef12338a7befed981052d16a87848c14c920365,A,tests/unit/test_qiu_live_snapshot.py,SUPERSEDED
qiu_si_port,qiu_qualification,97e6a9d602792cd2642d35d64396c7513e1a6d4c,cef12338a7befed981052d16a87848c14c920365,A,tests/unit/test_qiu_live_tracker_window.py,SUPERSEDED
qiu_si_port,qiu_qualification,97e6a9d602792cd2642d35d64396c7513e1a6d4c,cef12338a7befed981052d16a87848c14c920365,A,tests/unit/test_qiu_live_transition_fragment.py,SUPERSEDED
qiu_si_port,qiu_qualification,97e6a9d602792cd2642d35d64396c7513e1a6d4c,cef12338a7befed981052d16a87848c14c920365,A,tests/unit/test_qiu_qualification_analysis.py,SUPERSEDED
qiu_si_port,qiu_qualification,97e6a9d602792cd2642d35d64396c7513e1a6d4c,cef12338a7befed981052d16a87848c14c920365,A,tests/unit/test_qiu_qualification_decision.py,SUPERSEDED
qiu_si_port,qiu_qualification,97e6a9d602792cd2642d35d64396c7513e1a6d4c,cef12338a7befed981052d16a87848c14c920365,A,tests/unit/test_qiu_qualification_movie.py,SUPERSEDED
qiu_si_port,qiu_qualification,97e6a9d602792cd2642d35d64396c7513e1a6d4c,cef12338a7befed981052d16a87848c14c920365,A,tests/unit/test_qiu_qualification_runner.py,SUPERSEDED
qiu_si_port,qiu_qualification,97e6a9d602792cd2642d35d64396c7513e1a6d4c,cef12338a7befed981052d16a87848c14c920365,A,tests/unit/test_qiu_reference_geometry.py,SUPERSEDED
qiu_si_port,qiu_qualification,97e6a9d602792cd2642d35d64396c7513e1a6d4c,cef12338a7befed981052d16a87848c14c920365,A,tests/unit/test_qiu_si_reference_audit.py,QIU_SI_SPECIFIC
qiu_si_port,qiu_qualification,97e6a9d602792cd2642d35d64396c7513e1a6d4c,cef12338a7befed981052d16a87848c14c920365,A,tests/unit/test_qiu_sourcework_stream_audit.py,SUPERSEDED
qiu_si_port,qiu_qualification,97e6a9d602792cd2642d35d64396c7513e1a6d4c,cef12338a7befed981052d16a87848c14c920365,A,tests/unit/test_qiu_transition_fragment_audit.py,SUPERSEDED
