case,state_index,physical_time,energy,relative_change
A0,0,0.0,5210.112257121886,0.0
A0,1,6.36493341483619e-05,5209.775808594999,-6.457606099115558e-05
A0,2,0.0001272986682967238,5209.439631045578,-0.00012910011207312665
A0,3,0.00019094800244508567,5209.103724183327,-0.0001935722089633956
A0,4,0.0002545973365934476,5208.768087718992,-0.00025799240718009343
A0,5,0.0003182466707418095,5208.432721363271,-0.0003223607622500794
A0,6,0.00038189600489017133,5208.097624827489,-0.000386677329580113
A0,7,0.00044554533903853324,5207.762797823174,-0.0004509421645378518
A0,8,0.0005091946731868951,5207.42824006218,-0.0005151553224284594
A0,9,0.0005728440073352571,5207.093951256795,-0.0005793168584736582
A0,10,0.000636493341483619,5206.75993111966,-0.0006434268278276148
A0,11,0.0007001426756319809,5206.426179363567,-0.000707485285615518
A0,12,0.0007637920097803427,5206.09269570193,-0.0007714922868429807
A0,13,0.0008274413439287046,5205.759479848348,-0.0008354478864803543
A0,14,0.0008910906780770665,5205.426531516725,-0.000899352139439162
A0,15,0.0009547400122254284,5205.093850421572,-0.0009632051005146681
A0,16,0.0010183893463737903,5204.761436277325,-0.0010270068245164508
A0,17,0.001082038680522152,5204.429288799061,-0.0010907573661308467
A0,18,0.0011456880146705141,5204.097407702092,-0.0011544567799996789
A0,19,0.001209337348818876,5203.7657927023265,-0.0012181051206495584
A0,20,0.001272986682967238,5203.434443515541,-0.0012817024426329318
A0,21,0.0013366360171155997,5203.103359858226,-0.0013452488003648643
A0,22,0.0014002853512639617,5202.772541447042,-0.0014087442482281266
A0,23,0.0014639346854123235,5202.441987999139,-0.0014721888405114004
A0,24,0.0015275840195606853,5202.111699231756,-0.0015355826314862593
A0,25,0.0015912333537090474,5201.78167486286,-0.0015989256752842779
A0,26,0.0016548826878574092,5201.451914610264,-0.0016622180260672298
A0,27,0.0017185320220057712,5201.122418192565,-0.001725459737845717
A0,28,0.001782181356154133,5200.793185328444,-0.0017886508646148048
A0,29,0.001845830690302495,5200.46421573705,-0.0018517914602794846
A0,30,0.0019094800244508568,5200.135509137726,-0.0019148815787072163
A0,31,0.0019731293585992186,5199.8070652503175,-0.001977921273669624
A0,32,0.0020367786927475806,5199.478883794915,-0.0020409105988906774
A0,33,0.0021004280268959426,5199.150964491891,-0.002103849608040928
A0,34,0.002164077361044304,5198.823307062016,-0.002166738354713597
A0,35,0.002227726695192666,5198.495911226525,-0.0022295768924137514
A0,36,0.0022913760293410282,5198.168776706868,-0.0022923652746045615
A0,37,0.0023550253634893902,5197.84190322462,-0.0023551035547252834
A0,38,0.002418674697637752,5197.515290502105,-0.002417791786071682
A0,39,0.002482324031786114,5197.188938261713,-0.002480430021926605
A0,40,0.002545973365934476,5196.862846226064,-0.0025430183155287344
A0,41,0.0026096227000828374,5196.537014118539,-0.0026055567199708184
A0,42,0.0026732720342311994,5196.211441667154,-0.002668045287456204
A0,43,0.0027369213683795615,5195.8861286385345,-0.002730484062777152
A0,44,0.0028005707025279235,5195.561579978121,-0.0027927761295114288
A0,45,0.002864220036676285,5195.243691469534,-0.0028537898837069685
A0,46,0.002927869370824647,5194.931110571098,-0.002913784924698394
A0,47,0.002991518704973009,5194.629181163447,-0.002971735577726562
A0,48,0.0030551680391213707,5194.364715861586,-0.003022495578434797
A0,49,0.0031188173732697327,5194.1005669285005,-0.003073194857077845
A0,50,0.0031824667074180947,5193.859153440697,-0.003119530420668358
A0,51,0.0032461160415664567,5193.64429958374,-0.0031607682762757
A0,52,0.0033097653757148183,5193.45543534201,-0.003197017829530838
A0,53,0.0033734147098631803,5193.266935495588,-0.003233197442775131
A0,54,0.0034370640440115423,5193.083042119872,-0.0032684929156250454
A0,55,0.0035007133781599043,5192.925178914833,-0.0032987923021349764
A0,56,0.003564362712308266,5192.777328072206,-0.0033271699714308768
A0,57,0.003628012046456628,5192.630345605855,-0.003355380969408891
A0,58,0.00369166138060499,5192.483531679204,-0.00338355961881325
A0,59,0.0037553107147533515,5192.336886068455,-0.0034117059625985865
A0,60,0.0038189600489017136,5192.190408550825,-0.003439820043524544
A0,61,0.0038826093830500756,5192.044098903296,-0.003467901904395978
A0,62,0.003946258717198437,5191.897956903438,-0.003495951587904803
A0,63,0.0040099080513468,5191.751982329063,-0.0035239691366966727
A0,64,0.004073557385495161,5191.6061749583605,-0.003551954593344624
A2 coarse,0,0.0,5236.012485284901,0.0
A2 coarse,1,6.36493341483619e-05,5235.07258424878,-0.00017950702729657182
A2 coarse,2,0.0001272986682967238,5233.855899223355,-0.00041187565301023787
A2 coarse,3,0.00019094800244508567,5232.57313980266,-0.0006568634990666968
A2 coarse,4,0.0002545973365934476,5231.341530987387,-0.0008920823452276235
A2 coarse,5,0.0003182466707418095,5230.060092388169,-0.001136817934155103
A2 coarse,6,0.00038189600489017133,5228.734657909691,-0.0013899560773897024
A2 coarse,7,0.00044554533903853324,5227.405160965946,-0.0016438700906738787
A2 coarse,8,0.0005091946731868951,5226.035080508278,-0.0019055349475699923
A2 coarse,9,0.0005728440073352571,5224.653311024607,-0.0021694322334443092
A2 coarse,10,0.000636493341483619,5223.23686941174,-0.002439951376942852
A2 coarse,11,0.0007001426756319809,5221.789508175571,-0.00271637570561597
A2 coarse,12,0.0007637920097803427,5220.3196279930835,-0.0029971008159205845
A2 coarse,13,0.0008274413439287046,5218.83318722044,-0.0032809887510278934
A2 coarse,14,0.0008910906780770665,5217.376314206783,-0.0035592296868070575
A2 coarse,15,0.0009547400122254284,5215.90718777636,-0.0038398108417511405
A2 coarse,16,0.0010183893463737903,5214.489038391624,-0.0041106561441108785
A2 coarse,17,0.001082038680522152,5213.082365445557,-0.0043793096184904234
A2 coarse,18,0.0011456880146705141,5211.745722100738,-0.004634588487396017
A2 coarse,19,0.001209337348818876,5210.434887837431,-0.00488493820810251
A2 coarse,20,0.001272986682967238,5209.1417660386605,-0.005131905113243559
A2 coarse,21,0.0013366360171155997,5207.886909802798,-0.005371563868716175
A2 coarse,22,0.0014002853512639617,5206.633756606668,-0.005610897369094981
A2 coarse,23,0.0014639346854123235,5205.356660822832,-0.005854803545297722
A2 coarse,24,0.0015275840195606853,5204.122004497902,-0.0060906044201810595
A2 coarse,25,0.0015912333537090474,5202.876371651296,-0.0063285016463826135
A2 coarse,26,0.0016548826878574092,5201.592135668012,-0.006573771493789028
A2 coarse,27,0.0017185320220057712,5200.330549977047,-0.006814715474444281
A2 coarse,28,0.001782181356154133,5199.016245577789,-0.007065727939168416
A2 coarse,29,0.001845830690302495,5197.695753076655,-0.007317922238713194
A2 coarse,30,0.0019094800244508568,5196.408325709435,-0.007563801592675345
A2 coarse,31,0.0019731293585992186,5195.104773817226,-0.007812760489521595
A2 coarse,32,0.0020367786927475806,5193.725424572626,-0.008076195545964986
A2 coarse,33,0.0021004280268959426,5192.376220148462,-0.008333873392982279
A2 coarse,34,0.002164077361044304,5191.029418755589,-0.008591092296997158
A2 coarse,35,0.002227726695192666,5189.668718008829,-0.008850965769526866
A2 coarse,36,0.0022913760293410282,5188.286403530658,-0.009114967141191982
A2 coarse,37,0.0023550253634893902,5186.915581778564,-0.00937677357422606
A2 coarse,38,0.002418674697637752,5185.561722777222,-0.009635340375803995
A2 coarse,39,0.002482324031786114,5184.183309128829,-0.009898596747378093
A2 coarse,40,0.002545973365934476,5182.803196018877,-0.010162177690668493
A2 coarse,41,0.0026096227000828374,5181.387231522623,-0.010432605712036672
A2 coarse,42,0.0026732720342311994,5179.977765690828,-0.010701792585779923
A2 coarse,43,0.0027369213683795615,5178.603007939585,-0.010964350735728323
A2 coarse,44,0.0028005707025279235,5177.210398582221,-0.011230318275201804
A2 coarse,45,0.002864220036676285,5175.829309772564,-0.011494085562529538
A2 coarse,46,0.002927869370824647,5174.4879491717975,-0.011750265356702275
A2 coarse,47,0.002991518704973009,5173.172346717462,-0.012001525730514074
A2 coarse,48,0.0030551680391213707,5171.778431947628,-0.012267742584226938
A2 coarse,49,0.0031188173732697327,5170.380765291739,-0.012534675992009343
A2 coarse,50,0.0031824667074180947,5169.0099115567755,-0.012796488533292719
A2 coarse,51,0.0032461160415664567,5167.59512199483,-0.013066692159796934
A2 coarse,52,0.0033097653757148183,5166.21705977609,-0.01332988141356846
A2 coarse,53,0.0033734147098631803,5164.819876347989,-0.013596722532077556
A2 coarse,54,0.0034370640440115423,5163.449430993058,-0.013858457078888173
A2 coarse,55,0.0035007133781599043,5162.004674807522,-0.014134383881888772
A2 coarse,56,0.003564362712308266,5160.5926252823665,-0.0144040642023853
A2 coarse,57,0.003628012046456628,5159.172865686679,-0.01467521703093137
A2 coarse,58,0.00369166138060499,5157.82028557581,-0.014933539583574287
A2 coarse,59,0.0037553107147533515,5156.547526798851,-0.015176617456389827
A2 coarse,60,0.0038189600489017136,5155.188030917959,-0.015436260817576089
A2 coarse,61,0.0038826093830500756,5153.7849508137415,-0.015704228112948356
A2 coarse,62,0.003946258717198437,5152.376324138643,-0.015973254720325063
A2 coarse,63,0.0040099080513468,5151.065391758378,-0.016223623179901833
A2 coarse,64,0.004073557385495161,5149.6346852197785,-0.01649686671066499
A2 half dt,0,0.0,5236.012485284901,0.0
A2 half dt,1,3.182466707418095e-05,5235.5420932449215,-8.983783772512293e-05
A2 half dt,2,6.36493341483619e-05,5234.93232974619,-0.00020629353763902992
A2 half dt,3,9.547400122254283e-05,5234.28813458133,-0.0003293251703308606
A2 half dt,4,0.0001272986682967238,5233.668080661595,-0.0004477461866057133
A2 half dt,5,0.00015912333537090474,5233.02189865317,-0.0005711572766749337
A2 half dt,6,0.00019094800244508567,5232.350403696392,-0.0006994027609370174
A2 half dt,7,0.00022277266951926662,5231.674776926562,-0.0008284373596376349
A2 half dt,8,0.0002545973365934476,5230.976509771372,-0.0009617959330086616
A2 half dt,9,0.00028642200366762853,5230.268634384875,-0.0010969895347209542
A2 half dt,10,0.0003182466707418095,5229.538116070209,-0.0012365075967422712
A2 half dt,11,0.00035007133781599043,5228.782631485867,-0.0013807938425191098
A2 half dt,12,0.00038189600489017133,5228.007717889681,-0.0015287907386998553
A2 half dt,13,0.0004137206719643523,5227.214928399889,-0.0016802016629518719
A2 half dt,14,0.00044554533903853324,5226.42080342626,-0.001831867644624074
A2 half dt,15,0.0004773700061127142,5225.600624282939,-0.001988509582668757
A2 half dt,16,0.0005091946731868951,5224.769972842942,-0.0021471515726051472
A2 half dt,17,0.000541019340261076,5223.910548258392,-0.0023112888024083684
A2 half dt,18,0.0005728440073352571,5223.043399882075,-0.002476901160811531
A2 half dt,19,0.000604668674409438,5222.167342588214,-0.002644214989096665
A2 half dt,20,0.000636493341483619,5221.264609404924,-0.002816623512916359
A2 half dt,21,0.0006683180085577999,5220.338941853283,-0.0029934121577567334
A2 half dt,22,0.0007001426756319809,5219.423602990964,-0.003168228177560246
A2 half dt,23,0.0007319673427061618,5218.48790080185,-0.0033469332879365677
A2 half dt,24,0.0007637920097803427,5217.5504479132205,-0.003525972755711669
A2 half dt,25,0.0007956166768545237,5216.606481631607,-0.003706256184039395
A2 half dt,26,0.0008274413439287046,5215.6552861940645,-0.003887920272926747
A2 half dt,27,0.0008592660110028856,5214.689524152009,-0.004072366365209739
A2 half dt,28,0.0008910906780770665,5213.734579165313,-0.004254746561853493
A2 half dt,29,0.0009229153451512475,5212.778067409493,-0.004437425987945118
A2 half dt,30,0.0009547400122254284,5211.85684483963,-0.004613365707808644
A2 half dt,31,0.0009865646792996093,5210.936678053089,-0.004789103788863054
A2 half dt,32,0.0010183893463737903,5210.002797100822,-0.004967461070265928
A2 half dt,33,0.0010502140134479713,5209.115027202425,-0.005137011830676056
A2 half dt,34,0.001082038680522152,5208.226547699539,-0.005306698114920629
A2 half dt,35,0.001113863347596333,5207.348065217408,-0.00547447511785946
A2 half dt,36,0.0011456880146705141,5206.452493507727,-0.005645515907429278
A2 half dt,37,0.0011775126817446951,5205.545694470597,-0.005818700948465539
A2 half dt,38,0.001209337348818876,5204.662375562122,-0.005987401636433118
A2 half dt,39,0.001241162015893057,5203.7719193217135,-0.006157465447952121
A2 half dt,40,0.001272986682967238,5202.905080710762,-0.0063230186458077976
A2 half dt,41,0.0013048113500414187,5202.0042966044975,-0.0064950549250940605
A2 half dt,42,0.0013366360171155997,5201.115209739037,-0.006664857206497972
A2 half dt,43,0.0013684606841897807,5200.20688296114,-0.006838334023149895
A2 half dt,44,0.0014002853512639617,5199.279247207522,-0.007015498565103381
A2 half dt,45,0.0014321100183381425,5198.389284114384,-0.0071854681928761295
A2 half dt,46,0.0014639346854123235,5197.480174330567,-0.007359094551936996
A2 half dt,47,0.0014957593524865045,5196.564672393983,-0.007533941716483929
A2 half dt,48,0.0015275840195606853,5195.655608095307,-0.007707559388563691
A2 half dt,49,0.0015594086866348663,5194.732543399057,-0.007883850926989885
A2 half dt,50,0.0015912333537090474,5193.770480443626,-0.008067590549104007
A2 half dt,51,0.0016230580207832284,5192.819642928437,-0.008249186280180135
A2 half dt,52,0.0016548826878574092,5191.849656278864,-0.00843443920925527
A2 half dt,53,0.0016867073549315902,5190.893001944434,-0.008617145865726861
A2 half dt,54,0.0017185320220057712,5189.9485494327155,-0.008797522156725591
A2 half dt,55,0.0017503566890799522,5188.98279987053,-0.008981965865540273
A2 half dt,56,0.001782181356154133,5187.985535042977,-0.009172428518246923
A2 half dt,57,0.001814006023228314,5187.010622122557,-0.009358622291306096
A2 half dt,58,0.001845830690302495,5186.0306925798195,-0.009545774164127515
A2 half dt,59,0.0018776553573766758,5185.066319064046,-0.009729955068677222
A2 half dt,60,0.0019094800244508568,5184.10776901798,-0.009913023777691968
A2 half dt,61,0.0019413046915250378,5183.143875795908,-0.010097112953334925
A2 half dt,62,0.0019731293585992186,5182.184425648874,-0.01028035356815969
A2 half dt,63,0.0020049540256734,5181.138913618909,-0.010480030714251888
A2 half dt,64,0.0020367786927475806,5180.099825526551,-0.01067848098442944
A2 half dt,65,0.0020686033598217614,5179.076761962416,-0.010873870809608568
A2 half dt,66,0.0021004280268959426,5178.080060638242,-0.011064225841605732
A2 half dt,67,0.0021322526939701234,5177.074676605476,-0.01125623914096111
A2 half dt,68,0.002164077361044304,5176.049405478365,-0.011452050577620741
A2 half dt,69,0.0021959020281184854,5175.043345253942,-0.011644193019459905
A2 half dt,70,0.002227726695192666,5174.055546184926,-0.01183284785399128
A2 half dt,71,0.0022595513622668474,5173.029952761424,-0.012028720844436633
A2 half dt,72,0.0022913760293410282,5172.033204856853,-0.012219084772592278
A2 half dt,73,0.002323200696415209,5171.05683292226,-0.012405557195516732
A2 half dt,74,0.0023550253634893902,5170.059297847813,-0.012596071461334577
A2 half dt,75,0.002386850030563571,5168.999684702404,-0.012798441709378569
A2 half dt,76,0.002418674697637752,5167.967616437429,-0.012995551297615007
A2 half dt,77,0.002450499364711933,5166.998720452042,-0.013180595926158101
A2 half dt,78,0.002482324031786114,5166.026010454225,-0.013366368973978535
A2 half dt,79,0.0025141486988602946,5165.010288198579,-0.013560356719137828
A2 half dt,80,0.002545973365934476,5164.028792219501,-0.013747807757850162
A2 half dt,81,0.0025777980330086566,5162.988268862088,-0.013946532142166882
A2 half dt,82,0.0026096227000828374,5161.978399903232,-0.014139401995264981
A2 half dt,83,0.0026414473671570187,5160.90824191136,-0.014343786151123836
A2 half dt,84,0.0026732720342311994,5159.916665289347,-0.014533162441726572
A2 half dt,85,0.0027050967013053807,5158.915531327104,-0.014724364041237056
A2 half dt,86,0.0027369213683795615,5157.921292595922,-0.01491424875483854
A2 half dt,87,0.0027687460354537423,5156.944264915591,-0.015100846415382103
A2 half dt,88,0.0028005707025279235,5155.959244633267,-0.015288970543254576
A2 half dt,89,0.0028323953696021043,5154.972526293084,-0.015477418974757748
A2 half dt,90,0.002864220036676285,5153.875844833458,-0.015686868715893382
A2 half dt,91,0.0028960447037504663,5152.920114459898,-0.015869398909670807
A2 half dt,92,0.002927869370824647,5151.921534782759,-0.01606011267896476
A2 half dt,93,0.002959694037898828,5150.881735190907,-0.016258698834894333
A2 half dt,94,0.002991518704973009,5149.906216990197,-0.016445008207427683
A2 half dt,95,0.00302334337204719,5148.924222265044,-0.01663255449917418
A2 half dt,96,0.0030551680391213707,5147.893036125331,-0.016829495614691208
A2 half dt,97,0.003086992706195552,5146.840602855362,-0.01703049461401111
A2 half dt,98,0.0031188173732697327,5145.869049731427,-0.01721604671623868
A2 half dt,99,0.003150642040343914,5144.864780776062,-0.017407847052503735
A2 half dt,100,0.0031824667074180947,5143.910698760494,-0.017590062434581097
A2 half dt,101,0.0032142913744922755,5142.941197534732,-0.0177752226549752
A2 half dt,102,0.0032461160415664567,5141.796503859546,-0.0179938420105255
A2 half dt,103,0.0032779407086406375,5140.819126256693,-0.018180506501032187
A2 half dt,104,0.0033097653757148183,5139.771085005458,-0.018380666690523823
A2 half dt,105,0.0033415900427889995,5138.760147214128,-0.018573740674623657
A2 half dt,106,0.0033734147098631803,5137.788233177149,-0.018759361705839743
A2 half dt,107,0.003405239376937361,5136.700239877342,-0.018967152138514323
A2 half dt,108,0.0034370640440115423,5135.650577033758,-0.019167622027868845
A2 half dt,109,0.003468888711085723,5134.565167070836,-0.019374919081871812
A2 half dt,110,0.0035007133781599043,5133.536266902904,-0.019571423611000355
A2 half dt,111,0.003532538045234085,5132.481973721531,-0.019772777825554932
A2 half dt,112,0.003564362712308266,5131.480876356073,-0.01996397243562728
A2 half dt,113,0.003596187379382447,5130.342535414611,-0.020181378514138593
A2 half dt,114,0.003628012046456628,5129.284313780759,-0.020383483004306736
A2 half dt,115,0.0036598367135308087,5128.342739722909,-0.02056330955370781
A2 half dt,116,0.00369166138060499,5127.39882584714,-0.020743582973303663
A2 half dt,117,0.0037234860476791708,5126.402518142647,-0.020933862829834393
A2 half dt,118,0.0037553107147533515,5125.23341291869,-0.021157144425751565
A2 half dt,119,0.0037871353818275328,5124.166454965385,-0.021360917422149798
A2 half dt,120,0.0038189600489017136,5123.17094353201,-0.021551045202817424
A2 half dt,121,0.0038507847159758943,5122.184792202622,-0.021739385343747107
A2 half dt,122,0.0038826093830500756,5121.2867937588935,-0.021910889603191097
A2 half dt,123,0.003914434050124257,5120.215715374003,-0.022115449540338106
A2 half dt,124,0.003946258717198437,5119.268426456322,-0.02229636754241367
A2 half dt,125,0.003978083384272618,5118.395664754794,-0.022463051961899135
A2 half dt,126,0.0040099080513468,5117.4390107855315,-0.022645758548629186
A2 half dt,127,0.00404173271842098,5116.42454798439,-0.02283950575683242
A2 half dt,128,0.004073557385495161,5115.519299781972,-0.023012394611655086
